<?xml version="1.0" encoding="utf-8"?>
<shortcuts>
	<shortcut>
		<defaultID>589</defaultID>
		<label>589</label>
		<label2>Common menu item</label2>
		<icon>special://skin/extras/icons/musicdisc.png</icon>
		<thumb/>
		<action>PlayerControl(PartyMode)</action>
	</shortcut>
	<shortcut>
		<defaultID>31314</defaultID>
		<label>31314</label>
		<label2>Music</label2>
		<icon>DefaultMusicRecentlyAdded.png</icon>
		<thumb/>
		<action>ActivateWindow(Music,musicdb://recentlyaddedalbums/,return)</action>
	</shortcut>
	<shortcut>
		<defaultID>521</defaultID>
		<label>521</label>
		<label2>Music</label2>
		<icon>DefaultMusicAlbums.png</icon>
		<thumb/>
		<action>ActivateWindow(Music,musicdb://compilations/,return)</action>
	</shortcut>
	<shortcut>
		<defaultID>135</defaultID>
		<label>135</label>
		<label2>Music</label2>
		<icon>DefaultShortcut.png</icon>
		<thumb/>
		<action>ActivateWindow(Music,musicdb://genres/,return)</action>
	</shortcut>
	<shortcut>
		<defaultID>14022</defaultID>
		<label>14022</label>
		<label2>Custom item</label2>
		<icon>DefaultMusicAlbums.png</icon>
		<thumb/>
		<action>ActivateWindow(Music,root)</action>
	</shortcut>
	<shortcut>
		<defaultID>24069</defaultID>
		<label>24069</label>
		<label2>Kodi Command</label2>
		<icon>DefaultAddonsUpdates.png</icon>
		<thumb/>
		<action>UpdateLibrary(Music,,true)</action>
	</shortcut>
</shortcuts>