<?xml version="1.0" encoding="UTF-8"?>
<window>
    <defaultcontrol>1</defaultcontrol>
    <coordinates>
        <system>0</system>
        <top>-1</top>
        <left>1801</left>
    </coordinates>
    <controls>
        <control type="progress" id="29999">
            <include>HiddenObject</include>
            <info>Player.Volume</info>
        </control>
        <control type="group">
            <visible>!Window.IsActive(startup)</visible>
            <animation effect="slide" end="5,-6" time="0" condition="Window.IsActive(fullscreenvideo) | Window.IsActive(slideshow) | Window.IsActive(visualisation)">Conditional</animation>
            <animation effect="fade" start="0" end="100" time="150">WindowOpen</animation>
            <animation effect="fade" start="100" end="0" time="150">WindowClose</animation>
            <control type="group">
                <visible>Window.IsActive(fullscreenvideo) | Window.IsActive(slideshow) | Window.IsActive(visualisation)</visible>
                <control type="image">
                    <width>120</width>
                    <height>120</height>
                    <texture colordiffuse="background">$VAR[CommonBackgroundOverlay]</texture>
                </control>
                <control type="image">
                    <left>8</left>
                    <width>112</width>
                    <height>112</height>
                    <texture colordiffuse="background">dialog.png</texture>
                </control>
            </control>
            <control type="image">
                <width>120</width>
                <height>120</height>
                <texture colordiffuse="55ffffff">progress/loading-back.png</texture>
                <visible>!Player.Muted | [Window.IsActive(fullscreenvideo) | Window.IsActive(slideshow)]</visible>
            </control>
            <control type="image">
                <width>120</width>
                <height>120</height>
                <texture colordiffuse="highlight">progress/volume/p$INFO[Control.GetLabel(29999)].png</texture>
                <animation effect="fade" start="100" end="0" delay="300" time="500" tween="sine" condition="Player.Muted">Conditional</animation>
            </control>
            <control type="label">
                <left>45</left>
                <top>41</top>
                <width>40</width>
                <height>40</height>
                <font>IconSmall</font>
                <label>$VAR[VolumeIconVar]</label>
                <visible>!Player.Muted | [Window.IsActive(fullscreenvideo) | Window.IsActive(slideshow)]</visible>
            </control>
        </control>
    </controls>
</window>