<?xml version="1.0" encoding="UTF-8"?>
<window>
    <defaultcontrol>5</defaultcontrol>
    <animation effect="slide" start="0,708" end="0,0" time="300" tween="quadratic" easing="out">WindowOpen</animation>
    <animation effect="slide" start="0,0" end="0,708" time="300" tween="quadratic" easing="out">WindowClose</animation>
    <coordinates>
        <system>1</system>
        <left>0</left>
        <top>372</top>
    </coordinates>
    <controls>
        <control type="image">
            <width>1920</width>
            <height>708</height>
            <texture colordiffuse="background">$VAR[CommonBackgroundOverlay]</texture>
        </control>
        <control type="image">
            <top>8</top>
            <width>1920</width>
            <height>700</height>
            <texture colordiffuse="background">dialog.png</texture>
        </control>
        <control type="label" id="2">
            <include>HiddenObject</include>
        </control>
        <control type="grouplist" id="5">
            <description>control area</description>
            <left>50</left>
            <top>58</top>
            <width>1365</width>
            <height>600</height>
            <itemgap>0</itemgap>
            <pagecontrol>60</pagecontrol>
            <onup>5</onup>
            <ondown>5</ondown>
            <onleft>9001</onleft>
            <onright condition="Container(5).HasNext | Container(5).HasPrevious">60</onright>
            <onright condition="![Container(5).HasNext | Container(5).HasPrevious]">9001</onright>
        </control>
        <control type="scrollbar" id="60">
            <visible allowhiddenfocus="true">Control.HasFocus(60) | ControlGroup(5).HasFocus</visible>
            <animation effect="fade" time="300" tween="sine" easing="inout" start="0" end="100">Visible</animation>
            <left>1425</left>
            <top>58</top>
            <width>10</width>
            <height>600</height>
            <onleft>5</onleft>
            <onright>9001</onright>
            <orientation>vertical</orientation>
        </control>
        <control type="button" id="7">
            <description>Default Button</description>
            <height>100</height>
            <font>font15</font>
            <textoffsetx>30</textoffsetx>
        </control>
        <control type="radiobutton" id="8">
            <description>Default RadioButton</description>
            <height>100</height>
            <font>font15</font>
            <textoffsetx>30</textoffsetx>
        </control>
        <control type="spincontrolex" id="9">
            <description>Default SpinControlex</description>
            <height>100</height>
            <font>font15</font>
            <textoffsetx>30</textoffsetx>
        </control>
        <control type="edit" id="12">
            <description>Default Edit Control</description>
            <height>100</height>
            <font>font15</font>
            <textoffsetx>30</textoffsetx>
        </control>
        <control type="sliderex" id="13">
            <description>Default Slider</description>
            <height>100</height>
            <font>font15</font>
            <textoffsetx>30</textoffsetx>
        </control>
        <control type="label" id="14">
            <description>Default Label</description>
            <height>100</height>
            <textoffsetx>30</textoffsetx>
            <font>font15_title</font>
            <textcolor>highlight</textcolor>
        </control>
        <!-- button group -->
        <control type="grouplist" id="9001">
            <left>1470</left>
            <top>58</top>
            <height>220</height>
            <width>400</width>
            <onleft>5</onleft>
            <onright>5</onright>
            <onup>9001</onup>
            <ondown>9001</ondown>
            <itemgap>20</itemgap>
            <control type="button" id="28">
                <description>Ok Button</description>
                <width>400</width>
                <label />
                <align>center</align>
                <font>font15_title</font>
                <texturenofocus colordiffuse="33787878">selecteditem_bg.png</texturenofocus>
            </control>
            <control type="button" id="29">
                <description>Cancel Button</description>
                <width>400</width>
                <label />
                <align>center</align>
                <font>font15_title</font>
                <texturenofocus colordiffuse="33787878">selecteditem_bg.png</texturenofocus>
            </control>
            <control type="button" id="30">
                <description>Clear/Settings Button</description>
                <width>379</width>
                <label />
                <align>center</align>
                <font>font15_title</font>
                <texturenofocus colordiffuse="33787878">selecteditem_bg.png</texturenofocus>
            </control>
        </control>
    </controls>
</window>