<?xml version="1.0" encoding="UTF-8"?>
<window>
    <defaultcontrol always="true">9000</defaultcontrol>
    <animation effect="slide" start="0,708" end="0,0" time="300" tween="quadratic" easing="out">WindowOpen</animation>
    <animation effect="slide" start="0,0" end="0,708" time="300" tween="quadratic" easing="out">WindowClose</animation>
    <coordinates>
        <system>1</system>
        <left>0</left>
        <top>372</top>
    </coordinates>
    <controls>
        <control type="group">
            <control type="image">
                <width>1920</width>
                <height>708</height>
                <texture colordiffuse="background">$VAR[CommonBackgroundOverlay]</texture>
            </control>
            <control type="image">
                <top>8</top>
                <width>1920</width>
                <height>700</height>
                <texture colordiffuse="background">dialog.png</texture>
            </control>
            <control type="label" id="1">
                <include>HiddenObject</include>
            </control>
            <control type="group">
                <left>50</left>
                <top>58</top>
                <control type="group" id="9000">
                    <control type="panel" id="3">
                        <left>0</left>
                        <width>1370</width>
                        <height>600</height>
                        <onup>3</onup>
                        <ondown>3</ondown>
                        <onleft>9001</onleft>
                        <onright condition="Container(3).HasNext | Container(3).HasPrevious">60</onright>
                        <onright condition="![Container(3).HasNext | Container(3).HasPrevious]">9001</onright>
                        <pagecontrol>60</pagecontrol>
                        <scrolltime tween="quadratic" easing="out">200</scrolltime>
                        <itemlayout height="100" width="1370">
                            <control type="label">
                                <width>1370</width>
                                <height>100</height>
                                <textoffsetx>30</textoffsetx>
                                <font>font15</font>
                                <label>$INFO[ListItem.Label]</label>
                            </control>
                            <control type="label">
                                <width>1370</width>
                                <height>100</height>
                                <textoffsetx>30</textoffsetx>
                                <font>font15</font>
                                <align>right</align>
                                <label>$INFO[ListItem.Label2]</label>
                            </control>
                            <control type="label">
                                <width>1370</width>
                                <height>100</height>
                                <textoffsetx>30</textoffsetx>
                                <align>right</align>
                                <font>IconSmall</font>
                                <label>A</label>
                                <visible>ListItem.IsSelected</visible>
                            </control>
                        </itemlayout>
                        <focusedlayout height="100" width="1370">
                            <include content="SelectedItemBackground">
                                <param name="Left" value="0" />
                                <param name="Top" value="0" />
                                <param name="Width" value="1370" />
                                <param name="Height" value="100" />
                            </include>
                            <control type="label">
                                <width>1370</width>
                                <height>100</height>
                                <textoffsetx>30</textoffsetx>
                                <font>font15</font>
                                <scroll>true</scroll>
                                <label>$INFO[ListItem.Label]</label>
                            </control>
                            <control type="label">
                                <width>1370</width>
                                <height>100</height>
                                <textoffsetx>30</textoffsetx>
                                <font>font15</font>
                                <align>right</align>
                                <label>$INFO[ListItem.Label2]</label>
                            </control>
                            <control type="label">
                                <width>1370</width>
                                <height>100</height>
                                <textoffsetx>30</textoffsetx>
                                <align>right</align>
                                <font>IconSmall</font>
                                <label>A</label>
                                <visible>ListItem.IsSelected</visible>
                            </control>
                        </focusedlayout>
                    </control>
                    <control type="panel" id="6">
                        <left>0</left>
                        <width>1370</width>
                        <height>600</height>
                        <onup>6</onup>
                        <ondown>6</ondown>
                        <onleft>9001</onleft>
                        <onright condition="Container(6).HasNext | Container(6).HasPrevious">60</onright>
                        <onright condition="![Container(6).HasNext | Container(6).HasPrevious]">9001</onright>
                        <pagecontrol>60</pagecontrol>
                        <scrolltime tween="quadratic" easing="out">200</scrolltime>
                        <itemlayout height="120" width="1370">
                            <control type="image">
                                <left>10</left>
                                <top>10</top>
                                <width>100</width>
                                <height>100</height>
                                <aspectratio aligny="center" align="center">keep</aspectratio>
                                <texture fallback="DefaultFolder.png">$INFO[ListItem.Icon]</texture>
                            </control>
                            <control type="label">
                                <visible>!String.IsEmpty(ListItem.Label2)</visible>
                                <left>140</left>
                                <top>3</top>
                                <right>30</right>
                                <height>70</height>
                                <font>font30</font>
                                <label>$INFO[ListItem.Label]</label>
                            </control>
                            <control type="label">
                                <visible>String.IsEmpty(ListItem.Label2)</visible>
                                <left>140</left>
                                <top>3</top>
                                <right>30</right>
                                <height>110</height>
                                <font>font30</font>
                                <label>$INFO[ListItem.Label]</label>
                            </control>
                            <control type="label">
                                <visible>!String.IsEmpty(ListItem.Label2)</visible>
                                <left>140</left>
                                <top>52</top>
                                <right>30</right>
                                <height>60</height>
                                <label>$INFO[ListItem.Label2]</label>
                            </control>
                            <control type="label">
                                <left>140</left>
                                <right>30</right>
                                <height>120</height>
                                <align>right</align>
                                <font>IconSmall</font>
                                <label>A</label>
                                <visible>ListItem.IsSelected</visible>
                            </control>
                        </itemlayout>
                        <focusedlayout height="120" width="1370">
                            <include content="SelectedItemBackground">
                                <param name="Left" value="0" />
                                <param name="Top" value="0" />
                                <param name="Width" value="1370" />
                                <param name="Height" value="120" />
                            </include>
                            <control type="image">
                                <width>120</width>
                                <height>120</height>
                                <texture>overlays/diffuse-overlay.png</texture>
                            </control>
                            <control type="image">
                                <left>10</left>
                                <top>10</top>
                                <width>100</width>
                                <height>100</height>
                                <aspectratio aligny="center" align="center">keep</aspectratio>
                                <texture fallback="DefaultFolder.png">$INFO[ListItem.Icon]</texture>
                            </control>
                            <control type="label">
                                <visible>!String.IsEmpty(ListItem.Label2)</visible>
                                <left>140</left>
                                <top>3</top>
                                <right>30</right>
                                <height>70</height>
                                <font>font30</font>
                                <label>$INFO[ListItem.Label]</label>
                            </control>
                            <control type="label">
                                <visible>String.IsEmpty(ListItem.Label2)</visible>
                                <left>140</left>
                                <top>3</top>
                                <right>30</right>
                                <height>110</height>
                                <font>font30</font>
                                <label>$INFO[ListItem.Label]</label>
                            </control>
                            <control type="label">
                                <visible>!String.IsEmpty(ListItem.Label2)</visible>
                                <left>140</left>
                                <top>52</top>
                                <right>30</right>
                                <height>60</height>
                                <label>$INFO[ListItem.Label2]</label>
                            </control>
                            <control type="label">
                                <left>140</left>
                                <right>30</right>
                                <height>120</height>
                                <align>right</align>
                                <font>IconSmall</font>
                                <label>A</label>
                                <visible>ListItem.IsSelected</visible>
                            </control>
                        </focusedlayout>
                    </control>
                </control>
                <control type="grouplist" id="9001">
                    <left>1420</left>
                    <height>140</height>
                    <width>400</width>
                    <onleft condition="Control.IsVisible(3)">3</onleft>
                    <onleft condition="Control.IsVisible(6)">6</onleft>
                    <onright condition="Control.IsVisible(3)">3</onright>
                    <onright condition="Control.IsVisible(6)">6</onright>
                    <itemgap>20</itemgap>
                    <control type="button" id="5">
                        <description>Manual button</description>
                        <font>font15_title</font>
                        <align>center</align>
                        <width>400</width>
                        <label />
                        <texturenofocus colordiffuse="33787878">selecteditem_bg.png</texturenofocus>
                    </control>
                    <control type="button" id="7">
                        <description>Cancel button</description>
                        <font>font15_title</font>
                        <align>center</align>
                        <width>400</width>
                        <label>222</label>
                        <texturenofocus colordiffuse="33787878">selecteditem_bg.png</texturenofocus>
                    </control>
                </control>
                <control type="scrollbar" id="60">
                    <visible allowhiddenfocus="true">Control.HasFocus(60) | ControlGroup(9000).HasFocus</visible>
                    <animation effect="fade" time="300" tween="sine" easing="inout" start="0" end="100">Visible</animation>
                    <left>1380</left>
                    <height>600</height>
                    <width>10</width>
                    <onleft condition="Control.IsVisible(6)">6</onleft>
                    <onleft condition="Control.IsVisible(3)">3</onleft>
                    <onright>9001</onright>
                    <ondown>60</ondown>
                    <onup>60</onup>
                </control>
            </control>
        </control>
    </controls>
</window>