<?xml version="1.0" encoding="UTF-8"?>
<window>
    <animation effect="slide" start="0,678" end="0,0" time="300" tween="quadratic" easing="out">WindowOpen</animation>
    <animation effect="slide" start="0,0" end="0,678" time="300" tween="quadratic" easing="out">WindowClose</animation>
    <coordinates>
        <system>1</system>
        <left>0</left>
        <top>402</top>
    </coordinates>
    <controls>
        <control type="image">
            <width>1920</width>
            <height>678</height>
            <texture colordiffuse="background">$VAR[CommonBackgroundOverlay]</texture>
        </control>
        <control type="image">
            <top>8</top>
            <width>1920</width>
            <height>670</height>
            <texture colordiffuse="background">dialog.png</texture>
        </control>
        <control type="group">
            <left>660</left>
            <top>48</top>
            <visible>!VideoPlayer.Content(livetv)</visible>
            <control type="grouplist">
                <width>600</width>
                <height>600</height>
                <itemgap>0</itemgap>
                <orientation>vertical</orientation>
                <include>VideoDebugContent</include>
            </control>
        </control>
        <control type="group">
            <left>310</left>
            <top>48</top>
            <visible>VideoPlayer.Content(livetv)</visible>
            <control type="grouplist">
                <width>600</width>
                <height>600</height>
                <itemgap>0</itemgap>
                <orientation>vertical</orientation>
                <include>VideoDebugContent</include>
            </control>
            <control type="grouplist">
                <left>710</left>
                <top>0</top>
                <width>600</width>
                <height>600</height>
                <itemgap>0</itemgap>
                <orientation>vertical</orientation>
                <control type="label">
                    <height>50</height>
                    <label>19005</label>
                    <textcolor>highlight</textcolor>
                    <font>font14_title</font>
                </control>
                <control type="label">
                    <height>50</height>
                    <label>$LOCALIZE[19012]: $INFO[PVR.ActStreamClient]</label>
                </control>
                <control type="label">
                    <height>50</height>
                    <label>$LOCALIZE[19006]: $INFO[PVR.ActStreamDevice]</label>
                </control>
                <control type="label">
                    <height>50</height>
                    <label>$LOCALIZE[19007]: $INFO[PVR.ActStreamStatus]</label>
                </control>
                <control type="label">
                    <height>50</height>
                    <label>$LOCALIZE[19010]: $INFO[PVR.ActStreamBER]</label>
                </control>
                <control type="label">
                    <height>50</height>
                    <label>$LOCALIZE[19011]: $INFO[PVR.ActStreamUNC]</label>
                </control>
                <control type="label">
                    <height>50</height>
                    <label>$LOCALIZE[19099]: $INFO[PVR.ActStreamServiceName]</label>
                </control>
                <control type="label">
                    <height>50</height>
                    <label>$LOCALIZE[19015]: $INFO[PVR.ActStreamEncryptionName]</label>
                </control>
                <control type="label">
                    <height>50</height>
                    <label>$LOCALIZE[19101]: $INFO[PVR.ActStreamProviderName]</label>
                </control>
                <!--<control type="label">
                    <height>50</height>
                    <label>$LOCALIZE[19100]: $INFO[PVR.ActStreamMux]</label>
                </control>-->
                <control type="label">
                    <height>50</height>
                    <label>$LOCALIZE[19008]: $INFO[PVR.ActStreamSignal]</label>
                </control>
                <control type="progress">
                    <width>620</width>
                    <height>14</height>
                    <info>PVR.ActStreamProgrSignal</info>
                </control>
                <control type="label">
                    <height>50</height>
                    <label>$LOCALIZE[19009]: $INFO[PVR.ActStreamSNR]</label>
                </control>
                <control type="progress">
                    <width>620</width>
                    <height>14</height>
                    <info>PVR.ActStreamProgrSNR</info>
                </control>
            </control>
        </control>
    </controls>
</window>
