<?xml version="1.0" encoding="UTF-8"?>
<window>
    <defaultcontrol always="true">9000</defaultcontrol>
    <allowoverlay>no</allowoverlay>
    <onload>SetFocus(9000,0,absolute)</onload>
    <menucontrol>9051</menucontrol>
    <onload>ClearProperty(MediaMenu,home)</onload>
    <onunload>ClearProperty(MediaMenu,home)</onunload>
    <controls>
        <control type="group">
            <animation effect="slide" start="1200" end="0" time="300">WindowOpen</animation>
            <animation effect="slide" start="0" end="1200" time="300">WindowClose</animation>
            <left>720</left>
            <width>1200</width>
            <control type="image">
                <width>1200</width>
                <height>1080</height>
                <aspectratio align="right" aligny="center">scale</aspectratio>
                <texture>$VAR[GlobalBackgroundVar]</texture>
            </control>
            <control type="image">
                <width>1200</width>
                <height>1080</height>
                <texture colordiffuse="background">$VAR[CommonBackgroundOverlay]</texture>
            </control>
            <control type="group">
                <control type="image">
                    <left>0</left>
                    <width>1080</width>
                    <height>120</height>
                    <texture colordiffuse="background">topbar.png</texture>
                </control>
                <control type="label">
                    <top>15</top>
                    <left>25</left>
                    <width>1030</width>
                    <height>45</height>
                    <font>font30</font>
                    <label>$INFO[ListItem.Label]</label>
                </control>
                <control type="label">
                    <top>58</top>
                    <left>25</left>
                    <width>1030</width>
                    <height>45</height>
                    <textcolor>highlight</textcolor>
                    <font>font14</font>
                    <label>$VAR[HeaderSubLabelInfoDialog]</label>
                </control>
                <control type="group">
                    <control type="button" id="6">
                        <description>Install/UnInstall Addon button</description>
                        <include>HiddenObject</include>
                    </control>
                    <control type="togglebutton" id="7">
                        <description>Enable/Disable Addon button</description>
                        <include>HiddenObject</include>
                    </control>
                    <control type="button" id="8">
                        <description>Update Addon button</description>
                        <label>24069</label>
                        <include>HiddenObject</include>
                    </control>
                    <control type="button" id="9">
                        <description>Configure Addon</description>
                        <label>24020</label>
                        <include>HiddenObject</include>
                    </control>
                    <control type="button" id="12">
                        <description>Open Addon button</description>
                        <include>HiddenObject</include>
                    </control>
                    <control type="radiobutton" id="13">
                        <description>Auto update button</description>
                        <visible allowhiddenfocus="true">false</visible>
                        <include>HiddenObject</include>
                    </control>
                </control>
                <control type="image">
                    <left>1080</left>
                    <top>0</top>
                    <width>120</width>
                    <height>1080</height>
                    <texture colordiffuse="background">menu.png</texture>
                </control>
                <control type="panel" id="9000">
                    <left>1080</left>
                    <top>0</top>
                    <width>120</width>
                    <height>1080</height>
                    <onleft condition="Container(9000).HasFocus(203)">50</onleft>
                    <onleft condition="Control.IsVisible(400) + [Container(400).HasNext | Container(400).HasPrevious]">60</onleft>
                    <ondown>9000</ondown>
                    <onup>9000</onup>
                    <scrolltime tween="quadratic" easing="out">300</scrolltime>
                    <orientation>Vertical</orientation>
                    <itemlayout height="120" width="120">
                        <control type="image">
                            <top>20</top>
                            <left>20</left>
                            <width>80</width>
                            <height>80</height>
                            <texture colordiffuse="maintext">$INFO[ListItem.Icon]</texture>
                        </control>
                        <control type="label">
                            <wrapmultiline>true</wrapmultiline>
                            <top>20</top>
                            <left>20</left>
                            <width>80</width>
                            <height>80</height>
                            <align>center</align>
                            <font>font10</font>
                            <label>$INFO[ListItem.Label]</label>
                        </control>
                    </itemlayout>
                    <focusedlayout height="120" width="120">
                        <include content="SelectedItemBackground">
                            <param name="Left" value="0" />
                            <param name="Top" value="0" />
                            <param name="Width" value="120" />
                            <param name="Height" value="120" />
                        </include>
                        <control type="image">
                            <top>20</top>
                            <left>20</left>
                            <width>80</width>
                            <height>80</height>
                            <texture colordiffuse="maintext">$INFO[ListItem.Icon]</texture>
                        </control>
                        <control type="label">
                            <wrapmultiline>true</wrapmultiline>
                            <top>20</top>
                            <left>20</left>
                            <width>80</width>
                            <height>80</height>
                            <align>center</align>
                            <font>font10</font>
                            <label>$INFO[ListItem.Label]</label>
                        </control>
                    </focusedlayout>
                    <content>
                        <item id="200">
                            <description>Install Addon</description>
                            <icon>special://skin/extras/icons/download.png</icon>
                            <onclick>SendClick(6)</onclick>
                            <visible>Control.IsEnabled(6) + String.IsEqual(Control.GetLabel(6),$LOCALIZE[24038])</visible>
                        </item>
                        <item id="201">
                            <description>Configure</description>
                            <icon>DefaultIconSettings.png</icon>
                            <onclick>SendClick(9)</onclick>
                            <visible>Control.IsEnabled(9)</visible>
                        </item>
                        <item id="202">
                            <description>Open</description>
                            <icon>DefaultIconPlay.png</icon>
                            <onclick>SendClick(12)</onclick>
                            <visible>Control.IsEnabled(12)</visible>
                        </item>
                        <item id="203">
                            <description>Screenshots</description>
                            <icon>special://skin/extras/icons/fanart.png</icon>
                            <visible>Integer.IsGreater(Container(50).NumItems,0)</visible>
                        </item>
                        <item id="204">
                            <description>Update</description>
                            <icon>DefaultAddonsUpdates.png</icon>
                            <onclick>SendClick(8)</onclick>
                            <visible>Control.IsEnabled(8)</visible>
                        </item>
                        <item id="205">
                            <description>Enable</description>
                            <icon>special://skin/extras/icons/checkmark.png</icon>
                            <onclick>SendClick(7)</onclick>
                            <visible>Control.IsEnabled(7) + String.StartsWith(Control.GetLabel(7),$LOCALIZE[24022])</visible>
                        </item>
                        <item id="206">
                            <description>Disable</description>
                            <icon>DefaultAddonNone.png</icon>
                            <onclick>SendClick(7)</onclick>
                            <onclick condition="Window.IsVisible(MyPrograms.xml)">Dialog.Close(addoninformation)</onclick>
                            <visible>Control.IsEnabled(7) + !String.StartsWith(Control.GetLabel(7),$LOCALIZE[24022])</visible>
                        </item>
                        <item id="207">
                            <description>Uninstall</description>
                            <icon>special://skin/extras/icons/trash.png</icon>
                            <onclick>SendClick(6)</onclick>
                            <visible>Control.IsEnabled(6) + String.IsEqual(Control.GetLabel(6),$LOCALIZE[24037])</visible>
                        </item>
                        <item id="208">
                            <icon>special://skin/extras/icons/autoupdateno.png</icon>
                            <onclick>SetFocus(13)</onclick>
                            <onclick>Action(Select)</onclick>
                            <onclick>SetFocus(9000)</onclick>
                            <visible>Control.IsEnabled(13) + String.Contains(Control.GetLabel(13),*)</visible>
                        </item>
                        <item id="209">
                            <icon>special://skin/extras/icons/autoupdateyes.png</icon>
                            <onclick>SetFocus(13)</onclick>
                            <onclick>Action(Select)</onclick>
                            <onclick>SetFocus(9000)</onclick>
                            <visible>Control.IsEnabled(13) + !String.Contains(Control.GetLabel(13),*)</visible>
                        </item>
                    </content>
                </control>
                <control type="label">
                    <visible>Control.HasFocus(9000)</visible>
                    <top>970</top>
                    <left>1090</left>
                    <label>$VAR[AddonInfoTip]</label>
                    <font>font10</font>
                    <align>center</align>
                    <height>100</height>
                    <width>100</width>
                    <wrapmultiline>true</wrapmultiline>
                </control>
                <control type="group">
                    <visible>![Control.HasFocus(50) | Container(9000).HasFocus(203)]</visible>
                    <animation effect="fade" time="300" start="0" end="100" delay="100">Visible</animation>
                    <control type="group">
                        <top>150</top>
                        <left>50</left>
                        <control type="textbox" id="400">
                            <description>Plot</description>
                            <animation effect="fade" time="300" start="0" end="100" delay="0">Visible</animation>
                            <left>0</left>
                            <top>0</top>
                            <width>980</width>
                            <height>815</height>
                            <font>font15_textbox</font>
                            <label>$INFO[ListItem.AddonDescription][CR]$VAR[AddonNews]$VAR[AddonDisclaimer]</label>
                            <pagecontrol>60</pagecontrol>
                            <include>AutoscrollDefault</include>
                        </control>
                        <control type="scrollbar" id="60">
                            <visible allowhiddenfocus="true">Control.HasFocus(60) + [Container(400).HasNext | Container(400).HasPrevious]</visible>
                            <left>1000</left>
                            <top>10</top>
                            <width>10</width>
                            <height>805</height>
                            <onleft>9000</onleft>
                            <onright>9000</onright>
                            <orientation>vertical</orientation>
                        </control>
                    </control>
                </control>
                <control type="group">
                    <top>155</top>
                    <left>45</left>
                    <control type="panel" id="50">
                        <description>Screenshots</description>
                        <animation effect="fade" time="300" delay="0" tween="sine" easing="inout" start="0" end="100">Visible</animation>
                        <left>0</left>
                        <top>0</top>
                        <width>990</width>
                        <height>890</height>
                        <onleft>50</onleft>
                        <onright>9000</onright>
                        <onup>50</onup>
                        <ondown>50</ondown>
                        <orientation>vertical</orientation>
                        <preloaditems>2</preloaditems>
                        <scrolltime tween="quadratic" easing="out">300</scrolltime>
                        <visible>Container(9000).HasFocus(203) | Control.HasFocus(50)</visible>
                        <itemlayout height="296" width="495">
                            <control type="image">
                                <top>20</top>
                                <left>20</left>
                                <right>20</right>
                                <height>256</height>
                                <texture>overlays/diffuse-overlay.png</texture>
                            </control>
                            <control type="image">
                                <left>20</left>
                                <top>20</top>
                                <width>455</width>
                                <height>256</height>
                                <aspectratio align="center" aligny="center">scale</aspectratio>
                                <texture background="true" fallback="DefaultFolder.png">$INFO[ListItem.Icon]</texture>
                            </control>
                        </itemlayout>
                        <focusedlayout height="296" width="495">
                            <include content="SelectedItemBackground">
                                <param name="Left" value="10" />
                                <param name="Top" value="10" />
                                <param name="Width" value="475" />
                                <param name="Height" value="276" />
                            </include>
                            <control type="image">
                                <top>20</top>
                                <left>20</left>
                                <right>20</right>
                                <height>256</height>
                                <texture>overlays/diffuse-overlay.png</texture>
                            </control>
                            <control type="image">
                                <left>20</left>
                                <top>20</top>
                                <width>455</width>
                                <height>256</height>
                                <aspectratio align="center" aligny="center">scale</aspectratio>
                                <texture background="true" fallback="DefaultFolder.png">$INFO[ListItem.Icon]</texture>
                            </control>
                        </focusedlayout>
                    </control>
                </control>
            </control>
        </control>
        <control type="group">
            <animation effect="slide" start="-720" end="0" time="300">WindowOpen</animation>
            <animation effect="slide" start="0" end="-720" time="300">WindowClose</animation>
            <width>720</width>
            <height>1080</height>
            <control type="image">
                <width>720</width>
                <height>1080</height>
                <aspectratio align="left" aligny="center">scale</aspectratio>
                <texture>$VAR[GlobalBackgroundVar]</texture>
            </control>
            <control type="image">
                <width>720</width>
                <height>1080</height>
                <texture colordiffuse="background">$VAR[CommonBackgroundOverlay]</texture>
            </control>
            <control type="image">
                <width>720</width>
                <height>1080</height>
                <texture colordiffuse="background">topbar.png</texture>
            </control>
            <control type="image">
                <width>720</width>
                <height>720</height>
                <aspectratio align="center" aligny="center">scale</aspectratio>
                <texture background="true">$INFO[ListItem.Icon]</texture>
            </control>
            <control type="panel" id="90050">
                <left>0</left>
                <top>750</top>
                <width>720</width>
                <height>300</height>
                <orientation>horizontal</orientation>
                <scrolltime tween="quadratic" easing="out">200</scrolltime>
                <itemlayout height="50" width="720">
                    <control type="label">
                        <left>30</left>
                        <width>180</width>
                        <height>50</height>
                        <font>font15</font>
                        <align>right</align>
                        <textcolor>highlight</textcolor>
                        <label>$INFO[ListItem.Label2]</label>
                    </control>
                    <control type="label">
                        <left>230</left>
                        <right>30</right>
                        <height>50</height>
                        <font>font15</font>
                        <label>$INFO[ListItem.Label]</label>
                    </control>
                </itemlayout>
                <focusedlayout height="50" width="720">
                    <control type="label">
                        <left>30</left>
                        <width>180</width>
                        <height>50</height>
                        <font>font15</font>
                        <align>right</align>
                        <textcolor>highlight</textcolor>
                        <label>$INFO[ListItem.Label2]</label>
                    </control>
                    <control type="label">
                        <left>230</left>
                        <right>30</right>
                        <height>50</height>
                        <font>font15</font>
                        <label>$INFO[ListItem.Label]</label>
                    </control>
                </focusedlayout>
                <content>
                    <item>
                        <label>$INFO[ListItem.AddonCreator]</label>
                        <label2>$LOCALIZE[21863]:</label2>
                    </item>
                    <!--<item>
                        <label>$INFO[ListItem.AddonVersion]</label>
                        <label2>$LOCALIZE[24051]</label2>
                    </item>-->
                    <item>
                        <label>$INFO[ListItem.AddonSize]</label>
                        <label2>$LOCALIZE[289]:</label2>
                        <visible>!String.IsEmpty(ListItem.AddonSize)</visible>
                    </item>
                    <item>
                        <label>$INFO[ListItem.Property(Addon.ID)]</label>
                        <label2>$LOCALIZE[560]:</label2>
                    </item>
                    <item>
                        <label>$INFO[ListItem.AddonInstallDate]</label>
                        <label2>$LOCALIZE[31165]:</label2>
                        <visible>!String.IsEmpty(ListItem.AddonInstallDate)</visible>
                    </item>
                    <item>
                        <label>$INFO[ListItem.AddonLastUpdated]</label>
                        <label2>$LOCALIZE[31073]:</label2>
                        <visible>!String.IsEmpty(ListItem.AddonLastUpdated)</visible>
                    </item>
                    <item>
                        <label>$INFO[ListItem.AddonLastUsed]</label>
                        <label2>$LOCALIZE[12012]:</label2>
                        <visible>!String.IsEmpty(ListItem.AddonLastUsed)</visible>
                    </item>
                </content>
            </control>
        </control>
    </controls>
</window>