<?xml version="1.0" encoding="UTF-8"?>
<includes>
    <include name="CommonBackground">
        <control type="group">
            <control type="multiimage">
                <description>Normal Default Background Image</description>
                <include>FullscreenDimensions</include>
                <include>BackgroundFadeAnimation</include>
                <imagepath background="true">$VAR[GlobalBackgroundVar]</imagepath>
            </control>
            <include condition="Window.IsActive(weather) | Window.IsActive(1121) | Window.IsActive(1122) | Window.IsActive(1123) | Window.IsActive(1124) | Window.IsActive(1125)">WeatherBackground</include>
            <include condition="Window.IsActive(script-globalsearch-main.xml) | Window.IsActive(script-globalsearch-infodialog.xml)">GlobalSearchBG</include>
            <control type="visualisation">
                <include>FullscreenDimensions</include>
                <visible>Player.HasAudio + !Skin.HasSetting(Disable.ShowBackgroundVis) + !Window.IsVisible(TVChannels) + !Window.IsVisible(RadioChannels) + !SlideShow.IsActive</visible>
                <visible>String.IsEmpty(Window(Videos).Property(PlayingBackgroundMedia))</visible>
            </control>
            <control type="group">
                <visible>Player.HasVideo + !Skin.HasSetting(Disable.ShowBackgroundVideo) + !Window.IsVisible(TVChannels) + !Window.IsVisible(RadioChannels) + !SlideShow.IsActive</visible>
                <control type="image">
                    <include>FullscreenDimensions</include>
                    <texture>black.png</texture>
                </control>
                <control type="videowindow">
                    <include>FullscreenDimensions</include>
                </control>
            </control>
        </control>
        <control type="image">
            <visible>!Window.IsVisible(script-globalsearch-main.xml)</visible>
            <include>FullscreenDimensions</include>
            <texture>$VAR[CommonBackgroundOverlay]</texture>
            <colordiffuse>background</colordiffuse>
        </control>
    </include>
    <include name="WeatherBackground">
        <control type="multiimage">
            <include>FullscreenDimensions</include>
            <imagepath background="true">$INFO[Skin.String(weatherfanart.path)]$INFO[Window(weather).Property(Current.FanartCode)]$VAR[WeatherFanartExtension]</imagepath>
            <timeperimage>10000</timeperimage>
            <randomize>true</randomize>
            <include>BackgroundFadeAnimation</include>
        </control>
    </include>
    <include name="GlobalSearchBG">
        <control type="image">
            <texture background="true" fallback="special://skin/backgrounds/default_bg.jpg">$INFO[Container(111).ListItem.Property(Fanart)]</texture>
            <aspectratio>scale</aspectratio>
            <visible>Control.HasFocus(111)</visible>
            <fadetime>200</fadetime>
        </control>
        <control type="image">
            <texture background="true" fallback="special://skin/backgrounds/default_bg.jpg">$INFO[Container(121).ListItem.Property(Fanart)]</texture>
            <aspectratio>scale</aspectratio>
            <visible>Control.HasFocus(121)</visible>
            <fadetime>200</fadetime>
        </control>
        <control type="image">
            <texture background="true" fallback="special://skin/backgrounds/default_bg.jpg">$INFO[Container(131).ListItem.Property(Fanart)]</texture>
            <aspectratio>scale</aspectratio>
            <visible>Control.HasFocus(131)</visible>
            <fadetime>200</fadetime>
        </control>
        <control type="image">
            <texture background="true" fallback="special://skin/backgrounds/default_bg.jpg">$INFO[Container(141).ListItem.Property(Fanart)]</texture>
            <aspectratio>scale</aspectratio>
            <visible>Control.HasFocus(141)</visible>
            <fadetime>200</fadetime>
        </control>
        <control type="image">
            <texture background="true" fallback="special://skin/backgrounds/default_bg.jpg">$INFO[Container(151).ListItem.Property(Fanart)]</texture>
            <aspectratio>scale</aspectratio>
            <visible>Control.HasFocus(151)</visible>
            <fadetime>200</fadetime>
        </control>
        <control type="image">
            <texture background="true" fallback="special://skin/backgrounds/default_bg.jpg">$INFO[Container(161).ListItem.Property(Fanart)]</texture>
            <aspectratio>scale</aspectratio>
            <visible>Control.HasFocus(161)</visible>
            <fadetime>200</fadetime>
        </control>
        <control type="image">
            <texture background="true" fallback="special://skin/backgrounds/default_bg.jpg">$INFO[Container(171).ListItem.Property(Fanart)]</texture>
            <aspectratio>scale</aspectratio>
            <visible>Control.HasFocus(171)</visible>
            <fadetime>200</fadetime>
        </control>
        <control type="image">
            <texture background="true" fallback="special://skin/backgrounds/default_bg.jpg">$INFO[Container(181).ListItem.Property(Fanart)]</texture>
            <aspectratio>scale</aspectratio>
            <visible>Control.HasFocus(181)</visible>
            <fadetime>200</fadetime>
        </control>
        <control type="image">
            <texture background="true" fallback="special://skin/backgrounds/default_bg.jpg">$INFO[Container(211).ListItem.Property(Fanart)]</texture>
            <aspectratio>scale</aspectratio>
            <visible>Control.HasFocus(211)</visible>
            <fadetime>200</fadetime>
        </control>
    </include>
</includes>