<?xml version="1.0" encoding="UTF-8"?>
<includes>
    <include name="WindowSlideAnimation">
        <animation effect="slide" tween="cubic" time="720" start="0,1080" end="0,0">WindowOpen</animation>
        <animation effect="slide" tween="cubic" time="720" end="0,1080" start="0,0">WindowClose</animation>
    </include>
    <include name="MenuSlideAnimation">
        <animation effect="slide" start="0" end="430" time="300" tween="quadratic" easing="out" condition="Control.HasFocus(9010)">Conditional</animation>
        <animation effect="slide" start="0" end="-430" time="200" tween="quadratic" easing="out" condition="Control.HasFocus(9010)">WindowClose</animation>
        <animation effect="slide" start="0" end="-630" time="400" tween="quadratic" easing="out" condition="!String.IsEmpty(Window(home).Property(MediaMenu))">Conditional</animation>
        <animation effect="slide" start="0" end="630" time="400" tween="quadratic" easing="out" condition="!String.IsEmpty(Window(home).Property(MediaMenu))">WindowClose</animation>
    </include>
    <include name="BackgroundFadeAnimation">
        <animation effect="fade" time="300">WindowOpen</animation>
        <animation effect="fade" time="300">WindowClose</animation>
        <animation effect="fade" time="300">Visible</animation>
        <animation effect="fade" time="300">Hidden</animation>
    </include>
    <include name="VisibleFadeEffect">
        <animation effect="fade" time="300">Visible</animation>
        <animation effect="fade" time="300">Hidden</animation>
    </include>
    <include name="SettingsFadeEffect">
        <animation effect="fade" time="100" delay="200">Visible</animation>
        <animation effect="fade" time="50">Hidden</animation>
    </include>
    <include name="Animation.Common">
        <animation type="WindowOpen" reversible="false">
            <effect type="fade" start="0" end="100" time="300" tween="sine" easing="in" delay="100" />
        </animation>
        <animation type="WindowClose" reversible="false">
            <effect type="fade" end="0" start="100" time="200" tween="sine" easing="out" />
        </animation>
        <animation type="Visible" reversible="false">
            <effect type="fade" start="0" end="100" time="300" tween="sine" easing="in" />
        </animation>
        <animation type="Hidden" reversible="false">
            <effect type="fade" end="0" start="100" time="200" tween="sine" easing="out" />
        </animation>
    </include>
    <include name="FocusedBackgroundFade">
        <animation effect="fade" time="320" delay="200">Visible</animation>
        <animation effect="fade" time="50">Hidden</animation>
    </include>
</includes>