<?xml version="1.0" encoding="UTF-8"?>
<window>
    <defaultcontrol always="true">50</defaultcontrol>
    <menucontrol>9051</menucontrol>
    <onload>ClearProperty(MediaMenu,home)</onload>
    <onunload>ClearProperty(MediaMenu,home)</onunload>
    <views>50</views>
    <controls>
        <include>CommonBackground</include>
        <control type="group">
            <include>MenuSlideAnimation</include>
            <top>0</top>
            <left>-430</left>
            <control type="group">
                <description>Channels group</description>
                <visible>Control.IsVisible(50)</visible>
                <left>535</left>
                <top>170</top>
                <include>Animation.Common</include>
                <control type="panel" id="50">
                    <left>82</left>
                    <top>10</top>
                    <width>890</width>
                    <height>840</height>
                    <onleft>9000</onleft>
                    <onright condition="Container(50).HasPrevious | Container(50).HasNext">60</onright>
                    <onright condition="!Container(50).HasPrevious + !Container(50).HasNext">SetProperty(MediaMenu,true,home)</onright>
                    <onright condition="!Container(50).HasPrevious + !Container(50).HasNext">SetFocus(9050)</onright>
                    <onup>50</onup>
                    <ondown>50</ondown>
                    <viewtype label="535">list</viewtype>
                    <pagecontrol>60</pagecontrol>
                    <scrolltime tween="quadratic" easing="out">200</scrolltime>
                    <itemlayout height="120" width="890">
                        <control type="image">
                            <left>10</left>
                            <top>10</top>
                            <width>100</width>
                            <height>100</height>
                            <aspectratio align="center" aligny="center">keep</aspectratio>
                            <texture background="true" fallback="DefaultTVShows.png">$INFO[ListItem.Thumb]</texture>
                        </control>
                        <control type="label">
                            <visible>ListItem.IsPlaying</visible>
                            <left>140</left>
                            <top>1</top>
                            <width>35</width>
                            <height>60</height>
                            <font>IconTiny</font>
                            <label>I</label>
                        </control>
                        <control type="label">
                            <left>840</left>
                            <top>-4</top>
                            <width>30</width>
                            <height>70</height>
                            <font>IconSmall</font>
                            <label>j</label>
                            <visible>ListItem.IsRecording</visible>
                        </control>
                        <control type="label">
                            <animation effect="slide" time="0" tween="sine" easing="inout" start="0" end="35" condition="ListItem.IsPlaying">Conditional</animation>
                            <left>140</left>
                            <top>-5</top>
                            <right>80</right>
                            <height>70</height>
                            <font>font30</font>
                            <label>$INFO[ListItem.Title]</label>
                        </control>
                        <control type="label">
                            <left>140</left>
                            <top>44</top>
                            <right>80</right>
                            <height>60</height>
                            <label>$INFO[ListItem.ChannelNumberLabel,,. ]$INFO[ListItem.Label]</label>
                        </control>
                        <control type="progress">
                            <description>Progressbar</description>
                            <left>140</left>
                            <top>102</top>
                            <width>730</width>
                            <height>8</height>
                            <texturebg colordiffuse="22ffffff">osd/midtexture.png</texturebg>
                            <midtexture colordiffuse="maintext">osd/midtexture.png</midtexture>
                            <visible>ListItem.HasEpg</visible>
                            <info>ListItem.Progress</info>
                        </control>
                    </itemlayout>
                    <focusedlayout height="120" width="890">
                        <include content="SelectedItemBackground">
                            <param name="Left" value="0" />
                            <param name="Top" value="0" />
                            <param name="Width" value="890" />
                            <param name="Height" value="120" />
                        </include>
                        <control type="image">
                            <width>120</width>
                            <height>120</height>
                            <texture>overlays/diffuse-overlay.png</texture>
                        </control>
                        <control type="image">
                            <left>10</left>
                            <top>10</top>
                            <width>100</width>
                            <height>100</height>
                            <aspectratio align="center" aligny="center">keep</aspectratio>
                            <texture background="true" fallback="DefaultTVShows.png">$INFO[ListItem.Thumb]</texture>
                        </control>
                        <control type="label">
                            <visible>ListItem.IsPlaying</visible>
                            <left>140</left>
                            <top>1</top>
                            <width>35</width>
                            <height>60</height>
                            <font>IconTiny</font>
                            <label>I</label>
                        </control>
                        <control type="label">
                            <left>840</left>
                            <top>-4</top>
                            <width>30</width>
                            <height>70</height>
                            <font>IconSmall</font>
                            <label>j</label>
                            <visible>ListItem.IsRecording</visible>
                        </control>
                        <control type="label">
                            <animation effect="slide" time="0" tween="sine" easing="inout" start="0" end="35" condition="ListItem.IsPlaying">Conditional</animation>
                            <left>140</left>
                            <top>-5</top>
                            <right>80</right>
                            <height>70</height>
                            <font>font30</font>
                            <label>$INFO[ListItem.Title]</label>
                        </control>
                        <control type="label">
                            <left>140</left>
                            <top>44</top>
                            <right>80</right>
                            <height>60</height>
                            <label>$INFO[ListItem.ChannelNumberLabel,,. ]$INFO[ListItem.Label]</label>
                        </control>
                        <control type="progress">
                            <description>Progressbar</description>
                            <left>140</left>
                            <top>102</top>
                            <width>730</width>
                            <height>8</height>
                            <texturebg colordiffuse="22ffffff">osd/midtexture.png</texturebg>
                            <midtexture colordiffuse="maintext">osd/midtexture.png</midtexture>
                            <visible>ListItem.HasEpg</visible>
                            <info>ListItem.Progress</info>
                        </control>
                    </focusedlayout>
                </control>
                <control type="group">
                    <description>Small Media Window</description>
                    <left>1016</left>
                    <top>10</top>
                    <control type="image">
                        <left>0</left>
                        <top>0</top>
                        <width>740</width>
                        <height>416</height>
                        <texture>overlays/diffuse-overlay.png</texture>
                        <include>VisibleFadeEffect</include>
                    </control>
                    <control type="videowindow">
                        <left>0</left>
                        <top>0</top>
                        <width>740</width>
                        <height>416</height>
                        <visible>Player.HasVideo + !SlideShow.IsActive</visible>
                    </control>
                </control>
                <control type="group">
                    <left>1016</left>
                    <top>475</top>
                    <control type="label">
                        <left>0</left>
                        <top>0</top>
                        <width>740</width>
                        <height>30</height>
                        <font>font15</font>
                        <visible>Container(50).ListItem.HasEpg</visible>
                        <label>[COLOR highlight]$INFO[Container(50).ListItem.StartTime]$INFO[Container(50).ListItem.EndTime, - ,: ][/COLOR]$INFO[Container(50).ListItem.Title]</label>
                    </control>
                    <control type="label">
                        <left>0</left>
                        <top>43</top>
                        <width>740</width>
                        <height>30</height>
                        <font>font15</font>
                        <visible>!String.IsEmpty(Container(50).ListItem.NextTitle)</visible>
                        <label>[COLOR highlight]$LOCALIZE[19031]:[/COLOR] $INFO[Container(50).ListItem.NextTitle]</label>
                    </control>
                    <control type="textbox" id="80">
                        <label>$INFO[Container(50).ListItem.Plot]</label>
                        <top>120</top>
                        <width>740</width>
                        <height>244</height>
                        <font>font15_textbox</font>
                        <include>AutoscrollDefault</include>
                    </control>
                </control>
            </control>
            <control type="scrollbar" id="60">
                <visible allowhiddenfocus="true">Control.HasFocus(60) | Container.Scrolling</visible>
                <left>2340</left>
                <top>120</top>
                <width>10</width>
                <height>960</height>
                <onright>SetProperty(MediaMenu,true,home)</onright>
                <onright>SetFocus(9050)</onright>
                <onleft>50</onleft>
                <ondown>60</ondown>
                <onup>60</onup>
            </control>
            <include>PVRChannelNumberInput</include>
            <include>Submenu</include>
            <include>MainMenu</include>
            <include>Topbar</include>
            <include>PVRMediaMenu</include>
        </control>
    </controls>
</window>