<?xml version="1.0" encoding="UTF-8"?>
<window type="dialog" id="1134">
    <defaultcontrol always="true">90001</defaultcontrol>
    <animation effect="slide" start="0,708" end="0,0" time="300" tween="quadratic" easing="out">WindowOpen</animation>
    <animation effect="slide" start="0,0" end="0,708" time="300" tween="quadratic" easing="out">WindowClose</animation>
    <onunload>RunScript(script.skinshortcuts,type=buildxml&amp;mode=single&amp;options=clonewidgets&amp;mainmenuID=9000&amp;group=mainmenu)</onunload>
    <allowoverlay>no</allowoverlay>
    <coordinates>
        <system>1</system>
        <left>0</left>
        <top>372</top>
    </coordinates>
    <controls>
        <control type="group">
            <visible>String.IsEmpty(Window.Property(additionalDialog)) + !Window.IsVisible(selectdialog)</visible>
            <animation effect="slide" start="0,708" end="0,0" time="300" delay="300" tween="quadratic" easing="out">Visible</animation>
            <animation effect="slide" start="0,0" end="0,708" time="300" tween="quadratic" easing="out">Hidden</animation>
            <control type="image">
                <width>1920</width>
                <height>708</height>
                <texture colordiffuse="background">$VAR[CommonBackgroundOverlay]</texture>
            </control>
            <control type="image">
                <top>8</top>
                <width>1920</width>
                <height>700</height>
                <texture colordiffuse="background">dialog.png</texture>
            </control>
            <control type="label" id="500">
                <include>HiddenObject</include>
            </control>
            <control type="label" id="101">
                <include>HiddenObject</include>
            </control>
            <control type="button" id="102">
                <include>HiddenObject</include>
            </control>
            <control type="button" id="103">
                <include>HiddenObject</include>
            </control>
            <control type="list" id="111">
                <include>HiddenObject</include>
            </control>
            <control type="button" id="310">
                <include>HiddenObject</include>
            </control>
            <control type="group">
                <left>50</left>
                <top>58</top>
                <control type="list" id="211">
                    <left>0</left>
                    <top>0</top>
                    <width>400</width>
                    <height>600</height>
                    <onleft>90001</onleft>
                    <onright condition="Container(211).HasNext | Container(211).HasPrevious">61</onright>
                    <onright condition="![Container(211).HasNext | Container(211).HasPrevious]">90001</onright>
                    <onup>211</onup>
                    <ondown>211</ondown>
                    <pagecontrol>61</pagecontrol>
                    <scrolltime tween="quadratic" easing="out">200</scrolltime>
                    <itemlayout height="100" width="400">
                        <control type="image">
                            <top>10</top>
                            <left>310</left>
                            <width>80</width>
                            <height>80</height>
                            <texture>$INFO[ListItem.Icon]</texture>
                        </control>
                        <control type="label">
                            <animation effect="fade" time="0" end="30" condition="String.IsEqual(ListItem.Property(skinshortcuts-disabled),true)">Conditional</animation>
                            <left>20</left>
                            <right>120</right>
                            <height>100</height>
                            <font>font15</font>
                            <selectedcolor>highlight</selectedcolor>
                            <align>right</align>
                            <label>$INFO[ListItem.Label]</label>
                        </control>
                    </itemlayout>
                    <focusedlayout height="100" width="400">
                        <control type="image">
                            <width>400</width>
                            <height>100</height>
                            <texture>selecteditem_bg.png</texture>
                            <colordiffuse>highlight</colordiffuse>
                            <animation effect="fade" start="100" end="50" time="300" tween="sine" easing="inout" condition="!Control.HasFocus(211)">Conditional</animation>
                        </control>
                        <control type="image">
                            <left>300</left>
                            <width>100</width>
                            <height>100</height>
                            <texture>overlays/diffuse-overlay.png</texture>
                            <animation effect="fade" start="100" end="50" time="300" tween="sine" easing="inout" condition="!Control.HasFocus(211)">Conditional</animation>
                        </control>
                        <control type="image">
                            <top>10</top>
                            <left>310</left>
                            <width>80</width>
                            <height>80</height>
                            <texture>$INFO[ListItem.Icon]</texture>
                        </control>
                        <control type="label">
                            <left>20</left>
                            <right>120</right>
                            <height>100</height>
                            <font>font15</font>
                            <selectedcolor>highlight</selectedcolor>
                            <align>right</align>
                            <label>$INFO[ListItem.Label]</label>
                        </control>
                    </focusedlayout>
                </control>
                <control type="scrollbar" id="61">
                    <visible allowhiddenfocus="true">Control.HasFocus(61) | Control.HasFocus(211)</visible>
                    <animation effect="fade" time="300" tween="sine" easing="inout" start="0" end="100">Visible</animation>
                    <left>410</left>
                    <top>0</top>
                    <width>10</width>
                    <height>600</height>
                    <onleft>211</onleft>
                    <onright>90001</onright>
                    <ondown>61</ondown>
                    <onup>61</onup>
                </control>
                <control type="grouplist" id="90001">
                    <description>control area</description>
                    <left>450</left>
                    <top>0</top>
                    <width>1370</width>
                    <height>600</height>
                    <itemgap>0</itemgap>
                    <pagecontrol>60</pagecontrol>
                    <onleft>211</onleft>
                    <onright condition="Container(90001).HasPrevious | Container(90001).HasNext">60</onright>
                    <onright condition="!Container(90001).HasPrevious + !Container(90001).HasNext">211</onright>
                    <onup>90001</onup>
                    <ondown>90001</ondown>
                    <control type="button" id="401">
                        <description>Choose shortcut</description>
                        <width>1370</width>
                        <height>100</height>
                        <textoffsetx>30</textoffsetx>
                        <font>font15</font>
                        <label>$ADDON[script.skinshortcuts 32048]</label>
                    </control>
                    <control type="button" id="305">
                        <description>Change label</description>
                        <width>1370</width>
                        <height>100</height>
                        <textoffsetx>30</textoffsetx>
                        <font>font15</font>
                        <label>$ADDON[script.skinshortcuts 32025]</label>
                        <label2>$INFO[Container(211).ListItem.Label]</label2>
                    </control>
                    <control type="button" id="307">
                        <description>Change action</description>
                        <width>1370</width>
                        <height>100</height>
                        <textoffsetx>30</textoffsetx>
                        <font>font15</font>
                        <label>$ADDON[script.skinshortcuts 32027]</label>
                        <label2>$INFO[Container(211).ListItem.Property(displaypath)]</label2>
                    </control>
                    <control type="button" id="405">
                        <description>Edit submenu</description>
                        <width>1370</width>
                        <height>100</height>
                        <textoffsetx>30</textoffsetx>
                        <font>font15</font>
                        <label>$LOCALIZE[31080]</label>
                        <visible>String.IsEqual(Window.Property(groupname),mainmenu)</visible>
                    </control>
                    <control type="button" id="306">
                        <description>Change thumbnail</description>
                        <width>1370</width>
                        <height>100</height>
                        <textoffsetx>30</textoffsetx>
                        <font>font15</font>
                        <label>$LOCALIZE[31242]</label>
                        <label2>$INFO[Container(211).ListItem.Property(thumbnail)]</label2>
                    </control>
                    <control type="button" id="312">
                        <description>Change widget</description>
                        <width>1370</width>
                        <height>100</height>
                        <textoffsetx>30</textoffsetx>
                        <font>font15</font>
                        <label>$ADDON[script.skinshortcuts 32044]</label>
                        <label2>$INFO[Container(211).ListItem.Property(widgetName)]</label2>
                        <visible>String.IsEqual(Window.Property(groupname),mainmenu)</visible>
                    </control>
                    <control type="button" id="501">
                        <description>Widget icon</description>
                        <width>1370</width>
                        <height>100</height>
                        <textoffsetx>30</textoffsetx>
                        <font>font15</font>
                        <label>- $LOCALIZE[31152]</label>
                        <label2>$VAR[WidgetIconLabel]</label2>
                        <visible>String.IsEqual(Window.Property(groupname),mainmenu)</visible>
                        <enable>!String.IsEqual(Container(211).ListItem.Property(widget),weather) + !String.IsEqual(Container(211).ListItem.Property(widget),settings) + !String.IsEqual(Container(211).ListItem.Property(widget),systeminfo)</enable>
                        <onclick>SetProperty(chooseProperty,widgetIcon)</onclick>
                        <onclick>SendClick(404)</onclick>
                    </control>
                    <control type="button" id="502">
                        <description>Widget sort by</description>
                        <width>1370</width>
                        <height>100</height>
                        <textoffsetx>30</textoffsetx>
                        <font>font15</font>
                        <label>- $LOCALIZE[31155]</label>
                        <label2>$VAR[WidgetSortByLabel]</label2>
                        <visible>String.IsEqual(Window.Property(groupname),mainmenu)</visible>
                        <enable>!String.IsEqual(Container(211).ListItem.Property(widget),weather) + !String.IsEqual(Container(211).ListItem.Property(widget),settings) + !String.IsEqual(Container(211).ListItem.Property(widget),systeminfo) + !String.IsEqual(Container(211).ListItem.Property(widget),myplaylists) + !String.IsEqual(Container(211).ListItem.Property(widget),mysubmenu) + !String.IsEqual(Container(211).ListItem.Property(widget),myfavorites)</enable>
                        <onclick>SetProperty(chooseProperty,widgetSortBy)</onclick>
                        <onclick>SendClick(404)</onclick>
                    </control>
                    <control type="button" id="503">
                        <description>Widget sort direction</description>
                        <width>1370</width>
                        <height>100</height>
                        <textoffsetx>30</textoffsetx>
                        <font>font15</font>
                        <label>- $LOCALIZE[31156]</label>
                        <label2>$VAR[WidgetSortDirectionLabel]</label2>
                        <visible>String.IsEqual(Window.Property(groupname),mainmenu)</visible>
                        <enable>!String.IsEqual(Container(211).ListItem.Property(widget),weather) + !String.IsEqual(Container(211).ListItem.Property(widget),settings) + !String.IsEqual(Container(211).ListItem.Property(widget),systeminfo) + !String.IsEqual(Container(211).ListItem.Property(widget),myplaylists) + !String.IsEqual(Container(211).ListItem.Property(widget),mysubmenu) + !String.IsEqual(Container(211).ListItem.Property(widget),myfavorites)</enable>
                        <onclick>SetProperty(chooseProperty,widgetSortDirection)</onclick>
                        <onclick>SendClick(404)</onclick>
                    </control>
                    <control type="button" id="504">
                        <description>Widget limit items</description>
                        <width>1370</width>
                        <height>100</height>
                        <textoffsetx>30</textoffsetx>
                        <font>font15</font>
                        <label>- $LOCALIZE[31061]</label>
                        <label2>$VAR[WidgetLimitLabel]</label2>
                        <visible>String.IsEqual(Window.Property(groupname),mainmenu)</visible>
                        <enable>!String.IsEqual(Container(211).ListItem.Property(widget),weather) + !String.IsEqual(Container(211).ListItem.Property(widget),settings) + !String.IsEqual(Container(211).ListItem.Property(widget),systeminfo)</enable>
                        <onclick>SetProperty(chooseProperty,widgetLimit)</onclick>
                        <onclick>SendClick(404)</onclick>
                    </control>
                </control>
            </control>
            <control type="scrollbar" id="60">
                <visible allowhiddenfocus="true">Control.HasFocus(60) | ControlGroup(90001).HasFocus</visible>
                <animation effect="fade" time="300" tween="sine" easing="inout" start="0" end="100">Visible</animation>
                <left>1880</left>
                <top>58</top>
                <width>10</width>
                <height>600</height>
                <onleft>90001</onleft>
                <onright>211</onright>
                <ondown>60</ondown>
                <onup>60</onup>
            </control>
        </control>

        <!-- 404, for setting custom property -->
        <control type="button" id="404">
            <visible>False</visible>
            <left>-100000</left>
            <top>-100000</top>
            <width>1</width>
            <height>1</height>
            <onclick>noop</onclick>
        </control>
    </controls>
</window>
