<?xml version="1.0" encoding="UTF-8"?>
<window>
    <defaultcontrol>10</defaultcontrol>
    <coordinates>
        <system>1</system>
        <left>373</left>
        <top>259</top>
    </coordinates>
    <include>Animation.Dialog</include>
    <controls>
        <include content="DialogBackgroundCommons">
            <param name="DialogBackgroundWidth" value="1174" />
            <param name="DialogBackgroundHeight" value="562" />
            <param name="DialogHeaderLabel" value="$LOCALIZE[13406]" />
            <param name="DialogHeaderId" value="2" />
        </include>
        <control type="label">
            <description>path label</description>
            <left>32</left>
            <top>72</top>
            <width>1140</width>
            <height>60</height>
            <textoffsetx>15</textoffsetx>
            <font>font14</font>
            <label>1021</label>
            <textcolor>disabled</textcolor>
        </control>
        <control type="group">
            <left>32</left>
            <top>132</top>
            <control type="list" id="10">
                <left>1</left>
                <top>2</top>
                <width>786</width>
                <height>180</height>
                <onup>9001</onup>
                <onleft>9000</onleft>
                <onright>60</onright>
                <ondown>12</ondown>
                <pagecontrol>60</pagecontrol>
                <scrolltime tween="quadratic" easing="out">200</scrolltime>
                <itemlayout height="60">
                    <control type="label">
                        <width>735</width>
                        <height>60</height>
                        <font>font14</font>
                        <textoffsetx>15</textoffsetx>
                        <selectedcolor>highlight</selectedcolor>
                        <label>$INFO[ListItem.Label]</label>
                    </control>
                </itemlayout>
                <focusedlayout height="60">
                    <control type="image">
                        <width>786</width>
                        <height>60</height>
                        <texture border="5">listselect_fo.png</texture>
                        <colordiffuse>highlight</colordiffuse>
                        <visible>Control.HasFocus(10)</visible>
                        <include>VisibleFadeEffect</include>
                    </control>
                    <control type="label">
                        <width>735</width>
                        <height>60</height>
                        <font>font14</font>
                        <textoffsetx>15</textoffsetx>
                        <label>$INFO[ListItem.Label]</label>
                    </control>
                </focusedlayout>
            </control>
            <control type="scrollbar" id="60">
                <left>790</left>
                <top>2</top>
                <width>10</width>
                <height>180</height>
                <onleft>10</onleft>
                <onright>9000</onright>
                <orientation>vertical</orientation>
            </control>
        </control>
        <control type="group">
            <left>832</left>
            <top>132</top>
            <control type="grouplist" id="9000">
                <left>1</left>
                <top>2</top>
                <onup>12</onup>
                <ondown>12</ondown>
                <onleft>60</onleft>
                <onright>10</onright>
                <control type="button" id="11">
                    <description>Browse Button</description>
                    <width>310</width>
                    <label>1024</label>
                </control>
                <control type="button" id="13">
                    <description>Add Path Button</description>
                    <width>310</width>
                    <label>15019</label>
                </control>
                <control type="button" id="14">
                    <description>Remove Path Button</description>
                    <width>310</width>
                    <label>1210</label>
                </control>
            </control>
        </control>
        <control type="grouplist" id="9001">
            <left>32</left>
            <top>470</top>
            <width>1112</width>
            <onup>12</onup>
            <ondown>10</ondown>
            <onleft>9001</onleft>
            <onright>9001</onright>
            <ondown>9001</ondown>
            <itemgap>14</itemgap>
            <align>center</align>
            <orientation>horizontal</orientation>
            <control type="button" id="18">
                <description>Ok Button</description>
                <width>548</width>
                <label>186</label>
                <font>font15_title</font>
                <align>center</align>
                <texturenofocus colordiffuse="33787878" border="5">listselect_fo.png</texturenofocus>
            </control>
            <control type="button" id="19">
                <description>Cancel Button</description>
                <width>548</width>
                <label>222</label>
                <font>font15_title</font>
                <align>center</align>
                <texturenofocus colordiffuse="33787878" border="5">listselect_fo.png</texturenofocus>
            </control>
        </control>
        <control type="group">
            <left>32</left>
            <top>328</top>
            <control type="label">
                <description>Name label</description>
                <width>1112</width>
                <height>60</height>
                <textoffsetx>15</textoffsetx>
                <font>font14</font>
                <label>1022</label>
                <textcolor>disabled</textcolor>
            </control>
            <control type="edit" id="12">
                <description>Name Button</description>
                <left>1</left>
                <top>60</top>
                <width>1110</width>
                <align>center</align>
                <label />
                <onup>10</onup>
                <onleft>12</onleft>
                <onright>19</onright>
                <ondown>9001</ondown>
                <texturenofocus colordiffuse="33000000" border="5">listselect_fo.png</texturenofocus>
            </control>
        </control>
    </controls>
</window>