<?xml version="1.0" encoding="UTF-8"?>
<window>
    <defaultcontrol always="true">3</defaultcontrol>
    <coordinates>
        <system>1</system>
        <left>287</left>
        <top>198</top>
    </coordinates>
    <include>Animation.Dialog</include>
    <controls>
        <include content="DialogBackgroundCommons">
            <param name="DialogBackgroundWidth" value="1346" />
            <param name="DialogBackgroundHeight" value="684" />
            <param name="DialogHeaderLabel" value="-" />
            <param name="DialogHeaderId" value="2" />
        </include>
        <!-- left group -->
        <control type="group">
            <left>31</left>
            <top>88</top>
            <control type="grouplist" id="3">
                <description>button area</description>
                <left>0</left>
                <top>0</top>
                <width>310</width>
                <height>480</height>
                <itemgap>0</itemgap>
                <onleft>9001</onleft>
                <onright>5</onright>
                <onup>3</onup>
                <ondown>3</ondown>
                <scrolltime>0</scrolltime>
            </control>
        </control>
        <!-- right group -->
        <control type="group">
            <left>357</left>
            <top>88</top>
            <control type="grouplist" id="5">
                <description>control area</description>
                <left>0</left>
                <top>0</top>
                <width>960</width>
                <height>480</height>
                <itemgap>0</itemgap>
                <pagecontrol>60</pagecontrol>
                <onleft>3</onleft>
                <onright>60</onright>
                <onup>5</onup>
                <ondown>5</ondown>
                <scrolltime tween="cubic" easing="out">500</scrolltime>
            </control>
            <control type="scrollbar" id="60">
                <left>964</left>
                <top>0</top>
                <width>10</width>
                <height>480</height>
                <onleft>5</onleft>
                <onright>9001</onright>
                <orientation>vertical</orientation>
            </control>
        </control>
        <!-- button group -->
        <control type="grouplist" id="9001">
            <left>31</left>
            <top>591</top>
            <width>1286</width>
            <height>60</height>
            <onleft>9001</onleft>
            <onright>9001</onright>
            <onup>5</onup>
            <ondown>5</ondown>
            <align>center</align>
            <itemgap>14</itemgap>
            <orientation>horizontal</orientation>
            <control type="button" id="28">
                <description>OK Button</description>
                <width>418</width>
                <label>186</label>
                <align>center</align>
                <font>font15_title</font>
                <texturenofocus colordiffuse="33787878" border="5">listselect_fo.png</texturenofocus>
            </control>
            <control type="button" id="29">
                <description>Cancel Button</description>
                <width>418</width>
                <label>222</label>
                <align>center</align>
                <font>font15_title</font>
                <texturenofocus colordiffuse="33787878" border="5">listselect_fo.png</texturenofocus>
            </control>
            <control type="button" id="30">
                <description>Defaults Button</description>
                <width>418</width>
                <label>409</label>
                <align>center</align>
                <font>font15_title</font>
                <texturenofocus colordiffuse="33787878" border="5">listselect_fo.png</texturenofocus>
            </control>
        </control>
        <control type="button" id="10">
            <description>Default Category Button</description>
            <height>60</height>
            <width>310</width>
            <align>right</align>
            <aligny>center</aligny>
            <font>font14</font>
            <textoffsetx>20</textoffsetx>
            <textcolor>maintext</textcolor>
        </control>
        <control type="button" id="7">
            <description>Default Button</description>
            <width>960</width>
            <height>60</height>
            <font>font14</font>
            <textcolor>maintext</textcolor>
            <focusedcolor>maintext</focusedcolor>
        </control>
        <control type="radiobutton" id="8">
            <description>Default RadioButton</description>
            <width>960</width>
            <height>60</height>
            <font>font14</font>
            <textcolor>maintext</textcolor>
            <focusedcolor>maintext</focusedcolor>
            <textwidth>880</textwidth>
        </control>
        <control type="spincontrolex" id="9">
            <description>Default spincontrolex</description>
            <width>960</width>
            <height>60</height>
            <textcolor>maintext</textcolor>
            <focusedcolor>maintext</focusedcolor>
            <font>font14</font>
            <aligny>center</aligny>
            <reverse>yes</reverse>
        </control>
        <control type="image" id="11">
            <description>Default Separator</description>
            <width>960</width>
            <height>0</height>
            <visible>false</visible>
        </control>
        <control type="edit" id="12">
            <width>960</width>
            <height>60</height>
            <textoffsetx>15</textoffsetx>
        </control>
        <control type="label" id="14">
            <width>960</width>
            <height>60</height>
            <font>font13_title</font>
            <align>center</align>
            <label />
            <textcolor>highlight</textcolor>
            <textoffsetx>15</textoffsetx>
        </control>
        <control type="sliderex" id="13">
            <description>Default Slider</description>
            <width>960</width>
            <height>60</height>
            <font>font14</font>
            <textcolor>maintext</textcolor>
            <focusedcolor>maintext</focusedcolor>
        </control>
    </controls>
</window>