<?xml version="1.0" encoding="UTF-8"?>
<window>
    <defaultcontrol always="true">29</defaultcontrol>
    <coordinates>
        <system>1</system>
        <left>92</left>
        <top>180</top>
    </coordinates>
    <include>Animation.Dialog</include>
    <controls>
        <control type="group">
            <include content="DialogBackgroundCommons">
                <param name="DialogBackgroundWidth" value="1735" />
                <param name="DialogBackgroundHeight" value="720" />
                <param name="DialogHeaderLabel" value="$LOCALIZE[19143]" />
                <param name="DialogHeaderId" value="" />
            </include>
            <control type="group">
                <control type="group">
                    <description>Group list</description>
                    <control type="label">
                        <description>name label</description>
                        <left>30</left>
                        <top>92</top>
                        <width>435</width>
                        <height>40</height>
                        <font>font15</font>
                        <align>center</align>
                        <textcolor>highlight</textcolor>
                        <label>31506</label>
                    </control>
                    <control type="list" id="13">
                        <left>30</left>
                        <top>148</top>
                        <width>435</width>
                        <height>540</height>
                        <onup>13</onup>
                        <ondown>13</ondown>
                        <onleft>29</onleft>
                        <onright>73</onright>
                        <pagecontrol>73</pagecontrol>
                        <scrolltime tween="quadratic" easing="out">200</scrolltime>
                        <orientation>vertical</orientation>
                        <itemlayout height="60">
                            <control type="label">
                                <width>435</width>
                                <height>60</height>
                                <font>font14</font>
                                <textoffsetx>15</textoffsetx>
                                <info>ListItem.Label</info>
                            </control>
                        </itemlayout>
                        <focusedlayout height="60">
                            <control type="image">
                                <width>435</width>
                                <height>60</height>
                                <texture border="5">listselect_fo.png</texture>
                                <colordiffuse>highlight</colordiffuse>
                                <visible>Control.HasFocus(13)</visible>
                                <include>VisibleFadeEffect</include>
                            </control>
                            <control type="label">
                                <width>435</width>
                                <height>60</height>
                                <font>font14</font>
                                <textoffsetx>15</textoffsetx>
                                <info>ListItem.Label</info>
                            </control>
                        </focusedlayout>
                    </control>
                    <control type="scrollbar" id="73">
                        <left>470</left>
                        <top>148</top>
                        <width>10</width>
                        <height>540</height>
                        <onleft>13</onleft>
                        <onright>11</onright>
                        <ondown>73</ondown>
                        <onup>73</onup>
                        <orientation>vertical</orientation>
                    </control>
                </control>
                <control type="group">
                    <description>Channels list</description>
                    <control type="label" id="21">
                        <description>name label</description>
                        <left>485</left>
                        <top>92</top>
                        <width>435</width>
                        <height>40</height>
                        <font>font15</font>
                        <align>center</align>
                        <textcolor>highlight</textcolor>
                    </control>
                    <control type="list" id="11">
                        <left>485</left>
                        <top>148</top>
                        <width>435</width>
                        <height>540</height>
                        <onup>11</onup>
                        <ondown>11</ondown>
                        <onleft>73</onleft>
                        <onright>71</onright>
                        <pagecontrol>71</pagecontrol>
                        <scrolltime>200</scrolltime>
                        <itemlayout height="60">
                            <control type="label">
                                <width>435</width>
                                <height>60</height>
                                <font>font14</font>
                                <textoffsetx>15</textoffsetx>
                                <info>ListItem.Label</info>
                            </control>
                        </itemlayout>
                        <focusedlayout height="60">
                            <control type="image">
                                <width>435</width>
                                <height>60</height>
                                <texture border="5">listselect_fo.png</texture>
                                <colordiffuse>highlight</colordiffuse>
                                <visible>Control.HasFocus(11)</visible>
                                <include>VisibleFadeEffect</include>
                            </control>
                            <control type="label">
                                <width>435</width>
                                <height>60</height>
                                <font>font14</font>
                                <textoffsetx>15</textoffsetx>
                                <info>ListItem.Label</info>
                            </control>
                        </focusedlayout>
                    </control>
                    <control type="scrollbar" id="71">
                        <left>925</left>
                        <top>148</top>
                        <width>10</width>
                        <height>540</height>
                        <onleft>11</onleft>
                        <onright>12</onright>
                        <ondown>71</ondown>
                        <onup>71</onup>
                        <orientation>vertical</orientation>
                    </control>
                </control>
                <control type="group">
                    <description>Grouped Channels list</description>
                    <control type="label" id="22">
                        <description>name label</description>
                        <left>940</left>
                        <top>92</top>
                        <width>435</width>
                        <height>40</height>
                        <font>font15</font>
                        <textcolor>highlight</textcolor>
                        <align>center</align>
                    </control>
                    <control type="list" id="12">
                        <left>940</left>
                        <top>148</top>
                        <width>435</width>
                        <height>540</height>
                        <onup>12</onup>
                        <ondown>12</ondown>
                        <onleft>71</onleft>
                        <onright>72</onright>
                        <pagecontrol>72</pagecontrol>
                        <scrolltime>200</scrolltime>
                        <itemlayout height="60">
                            <control type="label">
                                <width>435</width>
                                <height>60</height>
                                <font>font14</font>
                                <textoffsetx>15</textoffsetx>
                                <info>ListItem.Label</info>
                            </control>
                        </itemlayout>
                        <focusedlayout height="60">
                            <control type="image">
                                <width>435</width>
                                <height>60</height>
                                <texture border="5">listselect_fo.png</texture>
                                <colordiffuse>highlight</colordiffuse>
                                <visible>Control.HasFocus(12)</visible>
                                <include>VisibleFadeEffect</include>
                            </control>
                            <control type="label">
                                <width>435</width>
                                <height>60</height>
                                <font>font14</font>
                                <textoffsetx>15</textoffsetx>
                                <info>ListItem.Label</info>
                            </control>
                        </focusedlayout>
                    </control>
                    <control type="scrollbar" id="72">
                        <left>1380</left>
                        <top>148</top>
                        <width>10</width>
                        <height>540</height>
                        <onleft>12</onleft>
                        <onright>26</onright>
                        <ondown>72</ondown>
                        <onup>72</onup>
                        <orientation>vertical</orientation>
                    </control>
                </control>
            </control>
            <!-- right group -->
            <control type="group">
                <left>1395</left>
                <top>148</top>
                <control type="grouplist" id="9000">
                    <onleft>72</onleft>
                    <onright>13</onright>
                    <onup>9000</onup>
                    <ondown>9000</ondown>
                    <control type="button" id="29">
                        <description>OK</description>
                        <width>310</width>
                        <label>186</label>
                    </control>
                    <control type="button" id="26">
                        <description>Add Group</description>
                        <width>310</width>
                        <label>31503</label>
                    </control>
                    <control type="button" id="27">
                        <description>Rename Group</description>
                        <width>310</width>
                        <label>31504</label>
                    </control>
                    <control type="radiobutton" id="25">
                        <description>Hide Group</description>
                        <width>310</width>
                        <label>19289</label>
                    </control>
                    <control type="button" id="28">
                        <description>Delete Group</description>
                        <width>310</width>
                        <label>31505</label>
                    </control>
                    <control type="togglebutton" id="34">
                        <description>TV/Radio Button</description>
                        <width>310</width>
                        <label>19024</label>
                        <altlabel>19023</altlabel>
                        <usealttexture>!String.IsEmpty(Window.Property(IsRadio))</usealttexture>
                    </control>
                </control>
            </control>
        </control>
    </controls>
</window>