<?xml version="1.0" encoding="utf-8"?>
<window id="130">
    <defaultcontrol>24</defaultcontrol>
    <coordinates>
        <system>1</system>
        <left>534</left>
        <top>264</top>
    </coordinates>
    <controls>
        <include content="DialogBackgroundCommons">
            <param name="DialogBackgroundWidth" value="854" />
            <param name="DialogBackgroundHeight" value="543" />
            <param name="DialogHeaderLabel" value="-" />
            <param name="DialogHeaderId" value="100" />
        </include>
        <control type="image" id="101">
            <visible>false</visible>
            <description>OnFocus Image</description>
            <left>510</left>
            <top>120</top>
            <width>200</width>
            <height>200</height>
            <texture />
        </control>
        <control type="image">
            <left>396</left>
            <top>82</top>
            <width>426</width>
            <height>426</height>
            <texture>$INFO[System.AddonIcon(script.ratingupdate)]</texture>
        </control>
        <control type="label" id="102">
            <visible>Control.HasFocus(24)</visible>
            <description>OnFocus Label</description>
            <wrapmultiline>true</wrapmultiline>
            <scroll>false</scroll>
            <label />
            <left>38</left>
            <top>428</top>
            <aligny>top</aligny>
            <width>330</width>
            <height>60</height>
        </control>
        <control type="label">
            <visible>!Control.HasFocus(24)</visible>
            <description>OnFocus Label</description>
            <wrapmultiline>false</wrapmultiline>
            <scroll>false</scroll>
            <label>$LOCALIZE[31301]:</label>
            <left>38</left>
            <top>428</top>
            <aligny>top</aligny>
            <width>330</width>
            <height>60</height>
        </control>
        <control type="label" id="103">
            <description>Latest Label</description>
            <wrapmultiline>false</wrapmultiline>
            <scroll>false</scroll>
            <label />
            <left>38</left>
            <top>468</top>
            <aligny>top</aligny>
            <width>330</width>
            <height>30</height>
        </control>
        <control type="button" id="21">
            <description>Top250</description>
            <label />
            <left>38</left>
            <top>86</top>
            <width>330</width>
            <height>78</height>
            <onup>24</onup>
            <onleft>24</onleft>
            <onright>22</onright>
            <ondown>22</ondown>
        </control>
        <control type="button" id="22">
            <description>Movies</description>
            <label />
            <left>38</left>
            <top>166</top>
            <width>330</width>
            <height>78</height>
            <onup>21</onup>
            <onleft>21</onleft>
            <onright>23</onright>
            <ondown>23</ondown>
        </control>
        <control type="button" id="23">
            <description>TVShows</description>
            <label />
            <left>38</left>
            <top>248</top>
            <width>330</width>
            <height>78</height>
            <onup>22</onup>
            <onleft>22</onleft>
            <onright>24</onright>
            <ondown>24</ondown>
        </control>
        <control type="button" id="24">
            <description>Exit</description>
            <label />
            <left>38</left>
            <top>328</top>
            <width>330</width>
            <height>78</height>
            <onup>23</onup>
            <onleft>23</onleft>
            <onright>21</onright>
            <ondown>21</ondown>
        </control>
    </controls>
</window>