<?xml version="1.0" encoding="UTF-8"?>
<window>
    <defaultcontrol always="true">5000</defaultcontrol>
    <allowoverlay>no</allowoverlay>
    <controls>
        <control type="image">
            <include>FullscreenDimensions</include>
            <fadetime>500</fadetime>
            <texture fallback="special://skin/backgrounds/default_bg.jpg" background="true">$INFO[Skin.String(CustomBackground)]</texture>
            <animation effect="fade" start="0" end="100" time="300" tween="sine">WindowOpen</animation>
            <animation effect="fade" end="100" time="200" tween="sine">WindowClose</animation>
        </control>
        <control type="image">
            <include>FullscreenDimensions</include>
            <fadetime>500</fadetime>
            <texture>background.png</texture>
            <colordiffuse>background</colordiffuse>
            <animation effect="fade" start="0" end="100" time="300" tween="sine">WindowOpen</animation>
            <animation effect="fade" end="100" time="200" tween="sine">WindowClose</animation>
        </control>
        <control type="image">
            <animation effect="fade" time="320" delay="400">Visible</animation>
            <visible>!Container(5000).OnPrevious + !Container(5000).OnNext</visible>
            <description>Busy animation</description>
            <top>510</top>
            <left>930</left>
            <width>60</width>
            <height>60</height>
            <texture colordiffuse="maintext" fallback="special://skin/extras/spinners/Sun.png">$INFO[Skin.String(busyloader)]</texture>
            <aspectratio>keep</aspectratio>
            <animation effect="rotate" start="360" end="0" center="auto" time="3000" loop="true" condition="true">conditional</animation>
        </control>
        <control type="list" id="5000">
            <left>-90</left>
            <top>0</top>
            <width>2100</width>
            <height>1080</height>
            <onleft>5000</onleft>
            <onright>5000</onright>
            <ondown>9001</ondown>
            <animation effect="fade" start="0" end="100" time="300" tween="sine">WindowOpen</animation>
            <animation effect="fade" end="100" time="200" tween="sine">WindowClose</animation>
            <scrolltime tween="sine">400</scrolltime>
            <orientation>Horizontal</orientation>
            <itemlayout height="1080" width="1920">
                <control type="image">
                    <left>90</left>
                    <width>1920</width>
                    <height>1080</height>
                    <aspectratio>keep</aspectratio>
                    <fadetime>200</fadetime>
                    <texture>$INFO[ListItem.Art(original)]</texture>
                </control>
            </itemlayout>
            <focusedlayout height="1080" width="1920">
                <control type="image">
                    <left>90</left>
                    <width>1920</width>
                    <height>1080</height>
                    <aspectratio>keep</aspectratio>
                    <fadetime>200</fadetime>
                    <texture>$INFO[ListItem.Art(original)]</texture>
                </control>
            </focusedlayout>
        </control>
    </controls>
</window>
