<?xml version="1.0" encoding="utf-8"?>
<includes>
    <include name="ShiftFixedList">
        <control type="group">
            <visible>Control.IsVisible(57) + !$EXP[isInfoDialog]</visible>
            <include>Animation.Common</include>
            <animation effect="slide" time="300" tween="sine" easing="inout" start="0,0" end="0,-190" condition="[[Window.IsActive(videos) + Skin.HasSetting(Enable.ShiftPlot)] | [!Window.IsActive(videos) + Skin.HasSetting(Enable.ShiftDescription)]] + !Container.Content(files)">Conditional</animation>
            <control type="fixedlist" id="57">
                <include condition="Window.IsActive(videos)">Contents57VideoList</include>
                <include condition="!Window.IsActive(videos)">Contents57AlbumList</include>
            </control>
            <include>ShiftLabels</include>
        </control>
        <control type="group">
            <visible>Control.IsVisible(57) + !$EXP[isInfoDialog]</visible>
            <animation effect="slide" time="0" start="0,0" end="0,15" condition="Container.Content(addons) + !Window.IsActive(videos) + !Window.IsActive(pictures)">Conditional</animation>
            <top>-15</top>
            <include>Scrollbar_Horizontal</include>
        </control>
    </include>
    <include name="Contents57VideoList">
        <left>-135</left>
        <top>305</top>
        <width>2200</width>
        <height>750</height>
        <onup>SetProperty(MediaMenu,True,home)</onup>
        <onup>SetFocus(9050)</onup>
        <onleft>57</onleft>
        <onright>57</onright>
        <ondown>60</ondown>
        <orientation>horizontal</orientation>
        <viewtype label="31079">BigWrap</viewtype>
        <visible>Container.Content(movies) | Container.Content(tvshows) | Container.Content(seasons) | Container.Content(episodes) | Container.Content(sets) | Container.Content(musicvideos) | Container.Content(files) | Container.Content(videos)</visible>
        <pagecontrol>60</pagecontrol>
        <preloaditems>2</preloaditems>
        <scrolltime tween="quadratic">400</scrolltime>
        <focusposition>1</focusposition>
        <itemlayout width="315" height="750" condition="[[Container.Content(movies) | Container.Content(tvshows) | Container.Content(sets)] + !Skin.HasSetting(Enable.ShiftLandscape) + !Skin.HasSetting(Enable.ShiftVidFanart)] | Container.Content(seasons)">
            <control type="image">
                <left>-12</left>
                <top>100</top>
                <width>340</width>
                <height>490</height>
                <aspectratio scalediffuse="false">scale</aspectratio>
                <texture fallback="DefaultFallback.png" background="true" diffuse="diffuse/shift-poster.png">$VAR[PosterVar]</texture>
                <bordersize>20</bordersize>
            </control>
            <control type="image">
                <left>-12</left>
                <top>100</top>
                <width>340</width>
                <height>490</height>
                <texture border="5">overlays/diffuse-overlay.png</texture>
                <bordersize>20</bordersize>
            </control>
            <include content="OverlayIcons">
                <param name="OverlayLeft" value="250" />
                <param name="OverlayTop" value="118" />
            </include>
        </itemlayout>
        <focusedlayout width="315" height="750" condition="[[Container.Content(movies) | Container.Content(tvshows) | Container.Content(sets)] + !Skin.HasSetting(Enable.ShiftLandscape) + !Skin.HasSetting(Enable.ShiftVidFanart)] | Container.Content(seasons)">
            <control type="group">
                <animation effect="zoom" center="auto" start="100" end="132" time="400" tween="quadratic" reversible="false">Focus</animation>
                <animation effect="zoom" center="auto" start="132" end="100" time="400" tween="quadratic" reversible="false">Unfocus</animation>
                <control type="image">
                    <left>-12</left>
                    <top>100</top>
                    <width>340</width>
                    <height>490</height>
                    <aspectratio scalediffuse="false">scale</aspectratio>
                    <texture fallback="DefaultFallback.png" background="true" diffuse="diffuse/shift-poster.png">$VAR[PosterVar]</texture>
                    <bordersize>20</bordersize>
                </control>
                <control type="image">
                    <animation center="auto" condition="Control.HasFocus(57)" easing="inout" effect="fade" end="0" start="100" time="300" tween="sine">Focus</animation>
                    <animation center="auto" condition="Control.HasFocus(57)" easing="inout" effect="fade" end="100" start="0" time="300" tween="sine">UnFocus</animation>
                    <left>-12</left>
                    <top>100</top>
                    <width>340</width>
                    <height>490</height>
                    <texture border="5">overlays/diffuse-overlay.png</texture>
                    <bordersize>20</bordersize>
                </control>
                <include content="OverlayIcons">
                    <param name="OverlayLeft" value="250" />
                    <param name="OverlayTop" value="118" />
                </include>
            </control>
        </focusedlayout>
        <itemlayout width="315" height="750" condition="Container.Content(musicvideos) | Container.Content(addons)">
            <control type="image">
                <left>-12</left>
                <top>265</top>
                <width>340</width>
                <height>340</height>
                <aspectratio scalediffuse="false">scale</aspectratio>
                <texture background="true" diffuse="diffuse/shift-square.png">$INFO[ListItem.Icon]</texture>
                <bordersize>20</bordersize>
            </control>
            <control type="image">
                <left>-12</left>
                <top>265</top>
                <width>340</width>
                <height>340</height>
                <texture border="5">overlays/diffuse-overlay.png</texture>
                <bordersize>20</bordersize>
            </control>
            <include content="OverlayIcons">
                <param name="OverlayLeft" value="250" />
                <param name="OverlayTop" value="283" />
            </include>
        </itemlayout>
        <focusedlayout width="315" height="750" condition="Container.Content(musicvideos) | Container.Content(addons)">
            <control type="group">
                <animation effect="zoom" center="150,450" start="100" end="131" time="400" tween="quadratic" reversible="false">Focus</animation>
                <animation effect="zoom" center="150,450" start="131" end="100" time="400" tween="quadratic" reversible="false">Unfocus</animation>
                <control type="image">
                    <left>-12</left>
                    <top>265</top>
                    <width>340</width>
                    <height>340</height>
                    <aspectratio scalediffuse="false">scale</aspectratio>
                    <texture background="true" diffuse="diffuse/shift-square.png">$INFO[ListItem.Icon]</texture>
                    <bordersize>20</bordersize>
                </control>
                <control type="image">
                    <animation center="auto" condition="Control.HasFocus(57)" easing="inout" effect="fade" end="0" start="100" time="300" tween="sine">Focus</animation>
                    <animation center="auto" condition="Control.HasFocus(57)" easing="inout" effect="fade" end="100" start="0" time="300" tween="sine">UnFocus</animation>
                    <left>-12</left>
                    <top>265</top>
                    <width>340</width>
                    <height>340</height>
                    <texture border="5">overlays/diffuse-overlay.png</texture>
                    <bordersize>20</bordersize>
                </control>
                <include content="OverlayIcons">
                    <param name="OverlayLeft" value="250" />
                    <param name="OverlayTop" value="283" />
                </include>
            </control>
        </focusedlayout>
        <itemlayout width="588" height="750" condition="Container.Content(episodes) | [[Container.Content(movies) | Container.Content(tvshows)] + [Skin.HasSetting(Enable.ShiftLandscape) | Skin.HasSetting(Enable.ShiftVidFanart)]]">
            <control type="image">
                <visible>!Skin.HasSetting(Enable.ShiftVidFanart)</visible>
                <left>-237</left>
                <top>240</top>
                <width>610</width>
                <height>360</height>
                <aspectratio scalediffuse="false">scale</aspectratio>
                <texture background="true" diffuse="diffuse/shift-landscape.png">$VAR[LandscapeArtVar]</texture>
                <bordersize>20</bordersize>
            </control>
            <control type="image">
                <visible>Skin.HasSetting(Enable.ShiftVidFanart)</visible>
                <left>-237</left>
                <top>240</top>
                <width>610</width>
                <height>360</height>
                <aspectratio scalediffuse="false">scale</aspectratio>
                <texture background="true" diffuse="diffuse/shift-landscape.png">$VAR[FanartVar]</texture>
                <bordersize>20</bordersize>
            </control>
            <control type="image">
                <visible>[Container.Content(movies) | Container.Content(tvshows)] + String.IsEmpty(ListItem.Art(landscape)) + !Skin.HasSetting(Enable.ShiftVidFanart)</visible>
                <top>440</top>
                <left>-237</left>
                <width>610</width>
                <height>120</height>
                <texture background="true">$INFO[ListItem.Art(clearlogo)]</texture>
                <aspectratio align="center" aligny="bottom">keep</aspectratio>
            </control>
            <control type="image">
                <left>-237</left>
                <top>240</top>
                <width>610</width>
                <height>360</height>
                <texture border="5">overlays/diffuse-overlay.png</texture>
                <bordersize>20</bordersize>
            </control>
            <include content="OverlayIcons">
                <param name="OverlayLeft" value="295" />
                <param name="OverlayTop" value="258" />
            </include>
        </itemlayout>
        <focusedlayout width="588" height="750" condition="Container.Content(episodes) | [[Container.Content(movies) | Container.Content(tvshows)] + [Skin.HasSetting(Enable.ShiftLandscape) | Skin.HasSetting(Enable.ShiftVidFanart)]]">
            <control type="group">
                <animation effect="zoom" center="80,426" start="100" end="132" time="400" tween="quadratic" reversible="false">Focus</animation>
                <animation effect="zoom" center="80,426" start="132" end="100" time="400" tween="quadratic" reversible="false">Unfocus</animation>
                <control type="image">
                    <visible>!Skin.HasSetting(Enable.ShiftVidFanart)</visible>
                    <left>-237</left>
                    <top>240</top>
                    <width>610</width>
                    <height>360</height>
                    <aspectratio scalediffuse="false">scale</aspectratio>
                    <texture background="true" diffuse="diffuse/shift-landscape.png">$VAR[LandscapeArtVar]</texture>
                    <bordersize>20</bordersize>
                </control>
                <control type="image">
                    <visible>Skin.HasSetting(Enable.ShiftVidFanart)</visible>
                    <left>-237</left>
                    <top>240</top>
                    <width>610</width>
                    <height>360</height>
                    <aspectratio scalediffuse="false">scale</aspectratio>
                    <texture background="true" diffuse="diffuse/shift-landscape.png">$VAR[FanartVar]</texture>
                    <bordersize>20</bordersize>
                </control>
                <control type="image">
                    <visible>[Container.Content(movies) | Container.Content(tvshows)] + String.IsEmpty(ListItem.Art(landscape)) + !Skin.HasSetting(Enable.ShiftVidFanart)</visible>
                    <top>440</top>
                    <left>-237</left>
                    <width>610</width>
                    <height>120</height>
                    <texture background="true">$INFO[ListItem.Art(clearlogo)]</texture>
                    <aspectratio align="center" aligny="bottom">keep</aspectratio>
                </control>
                <control type="image">
                    <animation center="auto" condition="Control.HasFocus(57)" easing="inout" effect="fade" end="0" start="100" time="300" tween="sine">Focus</animation>
                    <animation center="auto" condition="Control.HasFocus(57)" easing="inout" effect="fade" end="100" start="0" time="300" tween="sine">UnFocus</animation>
                    <left>-237</left>
                    <top>240</top>
                    <width>610</width>
                    <height>360</height>
                    <texture border="5">overlays/diffuse-overlay.png</texture>
                    <bordersize>20</bordersize>
                </control>
                <include content="OverlayIcons">
                    <param name="OverlayLeft" value="295" />
                    <param name="OverlayTop" value="258" />
                </include>
            </control>
        </focusedlayout>
        <itemlayout width="588" height="750" condition="Container.Content(files) | Container.Content(videos)">
            <control type="image">
                <visible>!String.StartsWith(ListItem.Icon,Default)</visible>
                <left>-237</left>
                <top>240</top>
                <width>610</width>
                <height>360</height>
                <aspectratio scalediffuse="false">scale</aspectratio>
                <texture background="true" diffuse="diffuse/shift-landscape.png">$INFO[ListItem.Icon]</texture>
                <bordersize>20</bordersize>
            </control>
            <control type="image">
                <visible>String.StartsWith(ListItem.Icon,Default)</visible>
                <left>-237</left>
                <top>240</top>
                <width>610</width>
                <height>360</height>
                <aspectratio scalediffuse="false">keep</aspectratio>
                <texture background="true" diffuse="diffuse/shift-landscape.png">$INFO[ListItem.Icon]</texture>
                <bordersize>20</bordersize>
            </control>
            <control type="image">
                <left>-237</left>
                <top>240</top>
                <width>610</width>
                <height>360</height>
                <texture border="5">overlays/diffuse-overlay.png</texture>
                <bordersize>20</bordersize>
            </control>
            <include content="OverlayIcons">
                <param name="OverlayLeft" value="295" />
                <param name="OverlayTop" value="258" />
            </include>
        </itemlayout>
        <focusedlayout width="588" height="750" condition="Container.Content(files) | Container.Content(videos)">
            <control type="group">
                <animation effect="zoom" center="80,426" start="100" end="132" time="400" tween="quadratic" reversible="false">Focus</animation>
                <animation effect="zoom" center="80,426" start="132" end="100" time="400" tween="quadratic" reversible="false">Unfocus</animation>
                <control type="image">
                    <visible>!String.StartsWith(ListItem.Icon,Default)</visible>
                    <left>-237</left>
                    <top>240</top>
                    <width>610</width>
                    <height>360</height>
                    <aspectratio scalediffuse="false">scale</aspectratio>
                    <texture background="true" diffuse="diffuse/shift-landscape.png">$INFO[ListItem.Icon]</texture>
                    <bordersize>20</bordersize>
                </control>
                <control type="image">
                    <visible>String.StartsWith(ListItem.Icon,Default)</visible>
                    <left>-237</left>
                    <top>240</top>
                    <width>610</width>
                    <height>360</height>
                    <aspectratio scalediffuse="false">keep</aspectratio>
                    <texture background="true" diffuse="diffuse/shift-landscape.png">$INFO[ListItem.Icon]</texture>
                    <bordersize>20</bordersize>
                </control>
                <control type="image">
                    <animation center="auto" condition="Control.HasFocus(57)" easing="inout" effect="fade" end="0" start="100" time="300" tween="sine">Focus</animation>
                    <animation center="auto" condition="Control.HasFocus(57)" easing="inout" effect="fade" end="100" start="0" time="300" tween="sine">UnFocus</animation>
                    <left>-237</left>
                    <top>240</top>
                    <width>610</width>
                    <height>360</height>
                    <texture border="5">overlays/diffuse-overlay.png</texture>
                    <bordersize>20</bordersize>
                </control>
                <include content="OverlayIcons">
                    <param name="OverlayLeft" value="295" />
                    <param name="OverlayTop" value="258" />
                </include>
            </control>
        </focusedlayout>
    </include>
    <include name="Contents57AlbumList">
        <left>-135</left>
        <top>275</top>
        <width>2200</width>
        <height>750</height>
        <onup>SetProperty(MediaMenu,True,home)</onup>
        <onup>SetFocus(9050)</onup>
        <onleft>57</onleft>
        <onright>57</onright>
        <ondown>60</ondown>
        <orientation>horizontal</orientation>
        <viewtype label="31079">BigWrap</viewtype>
        <visible>Container.Content(artists) | Container.Content(albums) | Container.Content(addons)</visible>
        <pagecontrol>60</pagecontrol>
        <scrolltime tween="quadratic">400</scrolltime>
        <focusposition>1</focusposition>
        <itemlayout width="315" height="750" condition="!Skin.HasSetting(Enable.ShiftFanart) | Container.Content(addons)">
            <control type="image">
                <left>-12</left>
                <top>265</top>
                <width>340</width>
                <height>340</height>
                <aspectratio scalediffuse="false">scale</aspectratio>
                <texture background="true" diffuse="diffuse/shift-square.png">$INFO[ListItem.Icon]</texture>
                <bordersize>20</bordersize>
            </control>
            <control type="image">
                <left>-12</left>
                <top>265</top>
                <width>340</width>
                <height>340</height>
                <texture border="5">overlays/diffuse-overlay.png</texture>
                <bordersize>20</bordersize>
            </control>
        </itemlayout>
        <focusedlayout width="315" height="750" condition="!Skin.HasSetting(Enable.ShiftFanart) | Container.Content(addons)">
            <control type="group">
                <animation effect="zoom" center="150,450" start="100" end="132" time="400" tween="quadratic" reversible="false">Focus</animation>
                <animation effect="zoom" center="150,450" start="132" end="100" time="400" tween="quadratic" reversible="false">Unfocus</animation>
                <control type="image">
                    <left>-12</left>
                    <top>265</top>
                    <width>340</width>
                    <height>340</height>
                    <aspectratio scalediffuse="false">scale</aspectratio>
                    <texture background="true" diffuse="diffuse/shift-square.png">$INFO[ListItem.Icon]</texture>
                    <bordersize>20</bordersize>
                </control>
                <control type="image">
                    <animation center="auto" condition="Control.HasFocus(57)" easing="inout" effect="fade" end="0" start="100" time="300" tween="sine">Focus</animation>
                    <animation center="auto" condition="Control.HasFocus(57)" easing="inout" effect="fade" end="100" start="0" time="300" tween="sine">UnFocus</animation>
                    <left>-12</left>
                    <top>265</top>
                    <width>340</width>
                    <height>340</height>
                    <texture border="5">overlays/diffuse-overlay.png</texture>
                    <bordersize>20</bordersize>
                </control>
            </control>
        </focusedlayout>
        <itemlayout width="588" height="750" condition="Skin.HasSetting(Enable.ShiftFanart)">
            <control type="image">
                <left>-237</left>
                <top>240</top>
                <width>610</width>
                <height>360</height>
                <aspectratio scalediffuse="false">scale</aspectratio>
                <texture background="true" diffuse="diffuse/shift-landscape.png">$VAR[FanartVar]</texture>
                <bordersize>20</bordersize>
            </control>
            <control type="image">
                <left>-237</left>
                <top>240</top>
                <width>610</width>
                <height>360</height>
                <texture border="5">overlays/diffuse-overlay.png</texture>
                <bordersize>20</bordersize>
            </control>
        </itemlayout>
        <focusedlayout width="588" height="750" condition="Skin.HasSetting(Enable.ShiftFanart)">
            <control type="group">
                <animation effect="zoom" center="80,426" start="100" end="132" time="400" tween="quadratic" reversible="false">Focus</animation>
                <animation effect="zoom" center="80,426" start="132" end="100" time="400" tween="quadratic" reversible="false">Unfocus</animation>
                <control type="image">
                    <left>-237</left>
                    <top>240</top>
                    <width>610</width>
                    <height>360</height>
                    <aspectratio scalediffuse="false">scale</aspectratio>
                    <texture background="true" diffuse="diffuse/shift-landscape.png">$VAR[FanartVar]</texture>
                    <bordersize>20</bordersize>
                </control>
                <control type="image">
                    <animation center="auto" condition="Control.HasFocus(57)" easing="inout" effect="fade" end="0" start="100" time="300" tween="sine">Focus</animation>
                    <animation center="auto" condition="Control.HasFocus(57)" easing="inout" effect="fade" end="100" start="0" time="300" tween="sine">UnFocus</animation>
                    <left>-237</left>
                    <top>240</top>
                    <width>610</width>
                    <height>360</height>
                    <texture border="5">overlays/diffuse-overlay.png</texture>
                    <bordersize>20</bordersize>
                </control>
            </control>
        </focusedlayout>
    </include>
    <include name="ShiftLabels">
        <control type="group">
            <left>112</left>
            <top>957</top>
            <visible>Window.IsActive(videos)</visible>
            <control type="group">
                <visible>Control.IsVisible(57)</visible>
                <visible>[!String.IsEqual(Container.SortMethod,$LOCALIZE[13409]) + !Skin.HasSetting(Enable.MediaFlags)] | !Window.IsActive(videos)</visible>
                <control type="label">
                    <width>1693</width>
                    <height>40</height>
                    <font>font30</font>
                    <scroll>true</scroll>
                    <label>$INFO[ListItem.Label]</label>
                    <textoffsetx>30</textoffsetx>
                </control>
                <control type="label">
                    <top>50</top>
                    <width>1693</width>
                    <height>30</height>
                    <font>font14</font>
                    <textcolor>highlight</textcolor>
                    <label>$VAR[FloorSubLabelVar]</label>
                    <textoffsetx>30</textoffsetx>
                </control>
            </control>
            <control type="group">
                <visible>Control.IsVisible(57)</visible>
                <visible>[String.IsEqual(Container.SortMethod,$LOCALIZE[13409]) | Skin.HasSetting(Enable.MediaFlags)] + Window.IsActive(videos)</visible>
                <control type="label">
                    <width>1250</width>
                    <height>40</height>
                    <font>font30</font>
                    <scroll>true</scroll>
                    <label>$INFO[ListItem.Label]</label>
                    <textoffsetx>30</textoffsetx>
                </control>
                <control type="label">
                    <top>50</top>
                    <width>1250</width>
                    <height>30</height>
                    <font>font14</font>
                    <textcolor>highlight</textcolor>
                    <label>$VAR[FloorSubLabelVar]</label>
                    <textoffsetx>30</textoffsetx>
                </control>
            </control>
            <control type="group">
                <visible>Control.IsVisible(57) + !String.IsEqual(Container.SortMethod,$LOCALIZE[13409])</visible>
                <include condition="Skin.HasSetting(Enable.MediaFlags)" content="MediaFlags">
                    <param name="left" value="935" />
                    <param name="top" value="-5" />
                    <param name="align" value="right" />
                </include>
            </control>
            <control type="group">
                <left>30</left>
                <top>100</top>
                <control type="textbox">
                    <visible>Control.IsVisible(57) + Skin.HasSetting(Enable.ShiftPlot)</visible>
                    <width>1633</width>
                    <height>160</height>
                    <font>font14_textbox</font>
                    <aligny>top</aligny>
                    <include>AutoscrollDefault</include>
                    <include>InfoPanelButtonsValues</include>
                    <label>$VAR[VideoPlotVar]</label>
                </control>
            </control>
        </control>
        <control type="group">
            <left>1477</left>
            <top>960</top>
            <width>500</width>
            <height>150</height>
            <visible>Control.IsVisible(57) + Container.Content(movies) + String.IsEqual(Container.SortMethod,$LOCALIZE[13409])</visible>
            <control type="image">
                <height>50</height>
                <colordiffuse>maintext</colordiffuse>
                <texture>imdb.png</texture>
                <aspectratio align="left" aligny="top">keep</aspectratio>
            </control>
            <control type="label">
                <left>22</left>
                <top>2</top>
                <width>200</width>
                <height>42</height>
                <label>[UPPERCASE]$LOCALIZE[13409][/UPPERCASE] $INFO[ListItem.Top250,#]</label>
            </control>
        </control>
        <control type="group">
            <visible>Container.Content(artists) | Container.Content(albums) | Container.Content(addons) | [Container.Content(musicvideos) + !Window.IsActive(videos)]</visible>
            <control type="group">
                <left>115</left>
                <top>920</top>
                <visible>Control.IsVisible(57)</visible>
                <control type="label">
                    <width>1693</width>
                    <height>40</height>
                    <align>left</align>
                    <font>font30</font>
                    <scroll>true</scroll>
                    <label>$INFO[ListItem.Label]</label>
                    <textoffsety>-2</textoffsety>
                    <textoffsetx>30</textoffsetx>
                </control>
                <control type="label">
                    <top>50</top>
                    <width>1693</width>
                    <height>30</height>
                    <font>font14</font>
                    <textcolor>highlight</textcolor>
                    <label>$VAR[FloorLabel2Var]</label>
                    <textoffsetx>30</textoffsetx>
                </control>
                <control type="textbox">
                    <visible>Skin.HasSetting(Enable.ShiftDescription) + !Container.Content(addons)</visible>
                    <top>90</top>
                    <left>30</left>
                    <width>1633</width>
                    <height>220</height>
                    <font>font14_textbox</font>
                    <aligny>top</aligny>
                    <include>AutoscrollDefault</include>
                    <include>InfoPanelButtonsValues</include>
                    <label>$VAR[MusicPlotVar]</label>
                </control>
                <control type="textbox">
                    <visible>Skin.HasSetting(Enable.ShiftDescription) + Container.Content(addons)</visible>
                    <top>90</top>
                    <left>30</left>
                    <width>1633</width>
                    <height>220</height>
                    <font>font14_textbox</font>
                    <aligny>top</aligny>
                    <include>AutoscrollDefault</include>
                    <include>InfoPanelButtonsValues</include>
                    <label>$INFO[ListItem.AddonDescription]</label>
                </control>
            </control>
        </control>
    </include>
</includes>