<?xml version="1.0" encoding="utf-8"?>
<window>
    <controls>
        <control type="group">
            <animation effect="slide" start="0,-108" end="0,0" time="200">WindowOpen</animation>
            <animation effect="slide" start="0,-108" end="0,0" time="200">VisibleChange</animation>
            <animation effect="slide" start="0,0" end="0,-108" time="200">WindowClose</animation>
            <visible>!Window.IsActive(videoosd)</visible>
            <top>0</top>
            <control type="image">
                <width>1920</width>
                <height>108</height>
                <texture colordiffuse="background">$VAR[CommonBackgroundOverlay]</texture>
            </control>
            <control type="image">
                <width>1920</width>
                <height>100</height>
                <texture colordiffuse="background">dialog.png</texture>
            </control>
            <control type="grouplist">
                <left>0</left>
                <top>4</top>
                <width>FullScreenWidth</width>
                <height>90</height>
                <align>center</align>
                <itemgap>0</itemgap>
                <orientation>horizontal</orientation>
                <control type="image" id="800011">
                    <colordiffuse>maintext</colordiffuse>
                    <width>320</width>
                    <include>MediaFlagVars</include>
                    <bordersize>2</bordersize>
                    <texture>resource://resource.images.studios.white/$INFO[VideoPlayer.Studio,,.png]</texture>
                    <visible>!String.IsEmpty(Control.GetLabel(800011))</visible>
                    <visible>!VideoPlayer.Content(livetv) + !VideoPlayer.Content(files)</visible>
                </control>
                <control type="label">
                    <width>320</width>
                    <height>90</height>
                    <align>center</align>
                    <label>$INFO[VideoPlayer.Studio]</label>
                    <font>font10</font>
                    <wrapmultiline>true</wrapmultiline>
                    <visible>String.IsEmpty(Control.GetLabel(800011))</visible>
                    <visible>!VideoPlayer.Content(livetv)</visible>
                </control>
                <control type="image">
                    <width>320</width>
                    <colordiffuse>maintext</colordiffuse>
                    <include>MediaFlagVars</include>
                    <texture fallback="flags/mpaa/NR.png">$VAR[VideoRatingFlagVar]</texture>
                    <visible>!VideoPlayer.Content(livetv)</visible>
                </control>
                <control type="image">
                    <width>320</width>
                    <colordiffuse>maintext</colordiffuse>
                    <include>MediaFlagVars</include>
                    <texture>$INFO[VideoPlayer.VideoResolution,flags/resolution/,.png]</texture>
                </control>
                <control type="image">
                    <width>320</width>
                    <colordiffuse>maintext</colordiffuse>
                    <include>MediaFlagVars</include>
                    <texture>$INFO[VideoPlayer.AudioCodec,flags/audio/,.png]</texture>
                </control>
                <control type="image">
                    <width>320</width>
                    <colordiffuse>maintext</colordiffuse>
                    <include>MediaFlagVars</include>
                    <texture>$INFO[VideoPlayer.AudioChannels,flags/channels/,.png]</texture>
                    <visible>VideoPlayer.Content(livetv)</visible>
                </control>
                <control type="image">
                    <width>320</width>
                    <colordiffuse>maintext</colordiffuse>
                    <include>MediaFlagVars</include>
                    <texture>$VAR[VideoSourceFlagVar,flags/video/,.png]</texture>
                </control>
                <control type="image">
                    <width>320</width>
                    <colordiffuse>maintext</colordiffuse>
                    <include>MediaFlagVars</include>
                    <texture>$INFO[VideoPlayer.VideoAspect,flags/aspectratio/,.png]</texture>
                </control>
            </control>
        </control>
        <control type="group">
            <animation effect="slide" start="0,408" end="0,0" time="200">WindowOpen</animation>
            <animation effect="slide" start="0,408" end="0,0" time="200">VisibleChange</animation>
            <animation effect="slide" start="0,0" end="0,408" time="200">WindowClose</animation>
            <top>680</top>
            <visible>![VideoPlayer.Content(livetv) | VideoPlayer.Content(musicvideos) | VideoPlayer.Content(files)]</visible>
            <visible>!Window.IsActive(videoosd)</visible>
            <control type="image">
                <width>1920</width>
                <height>408</height>
                <texture colordiffuse="background">$VAR[CommonBackgroundOverlay]</texture>
            </control>
            <control type="image">
                <top>8</top>
                <width>1920</width>
                <height>400</height>
                <texture colordiffuse="background">dialog.png</texture>
            </control>
            <control type="image">
                <top>8</top>
                <width>267</width>
                <height>400</height>
                <aspectratio aligny="center" align="center">scale</aspectratio>
                <texture background="true">$VAR[PlayerArtworkVar]</texture>
            </control>
            <control type="grouplist">
                <left>299</left>
                <top>23</top>
                <control type="label">                  
                    <width>1590</width>
                    <height>70</height>
                    <font>font36</font>
                    <aligny>top</aligny>
                    <label>$VAR[PlayerTitleLabelVar]</label>
                    <visible>!VideoPlayer.Content(episodes)</visible>
                    <scroll>false</scroll>
                </control>
                <control type="label">
                    <width>1590</width>
                    <height>70</height>
                    <font>font36</font>
                    <aligny>top</aligny>
                    <label>$INFO[VideoPlayer.Season,,X]$INFO[VideoPlayer.Episode,,. ]$VAR[PlayerTitleLabelVar]</label>
                    <visible>VideoPlayer.Content(episodes)</visible>
                    <scroll>false</scroll>
                </control>
                <control type="label">
                    <width>1590</width>
                    <height>65</height>
                    <font>font16</font>
                    <label>[COLOR highlight]$INFO[VideoPlayer.Year]$INFO[VideoPlayer.Genre,  •  ][/COLOR]</label>
                    <visible>VideoPlayer.Content(movies) | VideoPlayer.Content(musicvideos)</visible>
                </control>
                <control type="label">
                    <width>1590</width>
                    <height>65</height>
                    <font>font16</font>
                    <label>[COLOR highlight]$INFO[VideoPlayer.TVShowTitle][/COLOR]</label>
                    <visible>VideoPlayer.Content(episodes)</visible>
                </control>
                <control type="textbox">
                    <width>1590</width>
                    <height>160</height>
                    <font>font14_textbox</font>
                    <aligny>top</aligny>
                    <include>AutoscrollDefault</include>
                    <label>[COLOR highlight]$INFO[VideoPlayer.Tagline,, ][/COLOR]$INFO[VideoPlayer.Plot]</label>
                </control>
            </control>
            <control type="progress">
                <left>299</left>
                <top>338</top>
                <width>1590</width>
                <height>8</height>
                <info>Player.ProgressCache</info>
                <midtexture colordiffuse="44ffffff">osd/midtexture.png</midtexture>
            </control>
            <control type="progress">
                <left>299</left>
                <top>338</top>
                <width>1590</width>
                <height>8</height>
                <info>Player.Progress</info>
            </control>
            <control type="label">
                <top>348</top>
                <left>299</left>
                <width>1590</width>
                <height>35</height>
                <font>font12</font>
                <label>$INFO[Player.Time]$INFO[Player.Duration, / ]</label>
            </control>
            <control type="label">
                <top>348</top>
                <left>299</left>
                <width>1590</width>
                <height>35</height>
                <font>font12</font>
                <align>right</align>
                <label>$INFO[Player.TimeRemaining]$INFO[Player.Duration, / ]</label>
            </control>
            <control type="label">
                <top>348</top>
                <left>299</left>
                <width>1590</width>
                <height>35</height>
                <font>font12</font>
                <align>center</align>
                <label>$VAR[SeekLabelVar]</label>
            </control>
        </control>
        <control type="group">
            <animation effect="slide" start="0,308" end="0,0" time="200">WindowOpen</animation>
            <animation effect="slide" start="0,308" end="0,0" time="200">VisibleChange</animation>
            <animation effect="slide" start="0,0" end="0,308" time="200">WindowClose</animation>
            <top>780</top>
            <visible>VideoPlayer.Content(livetv) | VideoPlayer.Content(musicvideos)</visible>
            <visible>!Window.IsActive(videoosd)</visible>
            <control type="image">
                <width>1920</width>
                <height>308</height>
                <texture colordiffuse="background">$VAR[CommonBackgroundOverlay]</texture>
            </control>
            <control type="image">
                <top>8</top>
                <width>1920</width>
                <height>300</height>
                <texture colordiffuse="background">dialog.png</texture>
            </control>
            <control type="image">
                <top>8</top>
                <width>300</width>
                <height>300</height>
                <aspectratio aligny="center" align="center">keep</aspectratio>
                <texture background="true">$INFO[Player.Art(thumb)]</texture>
            </control>
            <control type="label">
                <left>330</left>
                <top>33</top>
                <width>1560</width>
                <height>40</height>
                <font>font30</font>
                <scroll>true</scroll>
                <label>$INFO[VideoPlayer.Artist,, - ]$INFO[VideoPlayer.Title]</label>
            </control>
            <control type="group">
                <visible>VideoPlayer.Content(livetv)</visible>
                <control type="label">
                    <left>330</left>
                    <top>80</top>
                    <width>1560</width>
                    <height>40</height>
                    <font>font13</font>
                    <textcolor>highlight</textcolor>
                    <label>$INFO[VideoPlayer.ChannelNumberLabel,,. ]$INFO[VideoPlayer.ChannelName]</label>
                </control>
                <control type="label">
                    <label>$INFO[VideoPlayer.Plot]</label>
                    <left>330</left>
                    <top>128</top>
                    <width>1560</width>
                    <height>40</height>
                    <font>font14</font>
                    <scroll>true</scroll>
                </control>
                <control type="label">
                    <left>330</left>
                    <top>178</top>
                    <width>1560</width>
                    <height>40</height>
                    <font>font14</font>
                    <label>[COLOR highlight]$LOCALIZE[19031]: [/COLOR]$INFO[VideoPlayer.NextTitle] $INFO[VideoPlayer.NextStartTime,(, - ]$INFO[VideoPlayer.NextEndTime,,)]</label>
                    <scroll>true</scroll>
                </control>
            </control>
            <control type="group">
                <visible>VideoPlayer.Content(musicvideos)</visible>
                <left>330</left>
                <control type="textbox">
                    <top>98</top>
                    <width>1560</width>
                    <height>108</height>
                    <font>font14_textbox</font>
                    <aligny>top</aligny>
                    <include>AutoscrollDefault</include>
                    <label>$INFO[VideoPlayer.Plot]</label>
                </control>
            </control>
            <control type="progress">
                <left>333</left>
                <top>238</top>
                <width>1557</width>
                <height>8</height>
                <info>Player.ProgressCache</info>
                <midtexture colordiffuse="44ffffff">osd/midtexture.png</midtexture>
            </control>
            <control type="progress">
                <left>333</left>
                <top>238</top>
                <width>1557</width>
                <height>8</height>
                <info>Player.Progress</info>
            </control>
            <control type="label">
                <top>248</top>
                <left>333</left>
                <width>1557</width>
                <height>35</height>
                <font>font12</font>
                <label>$INFO[Player.Time]$INFO[Player.Duration, / ]</label>
            </control>
            <control type="label">
                <top>248</top>
                <left>333</left>
                <width>1557</width>
                <height>35</height>
                <font>font12</font>
                <align>right</align>
                <label>$INFO[Player.TimeRemaining]$INFO[Player.Duration, / ]</label>
            </control>
            <control type="label">
                <top>248</top>
                <left>333</left>
                <width>1557</width>
                <height>35</height>
                <font>font12</font>
                <align>center</align>
                <label>$VAR[SeekLabelVar]</label>
            </control>
        </control>
        <control type="group">
            <animation effect="slide" start="0,408" end="0,0" time="200">WindowOpen</animation>
            <animation effect="slide" start="0,408" end="0,0" time="200">VisibleChange</animation>
            <animation effect="slide" start="0,0" end="0,408" time="200">WindowClose</animation>
            <top>680</top>
            <visible>VideoPlayer.Content(files)</visible>
            <visible>!Window.IsActive(videoosd)</visible>
            <control type="image">
                <width>1920</width>
                <height>408</height>
                <texture colordiffuse="background">$VAR[CommonBackgroundOverlay]</texture>
            </control>
            <control type="image">
                <top>8</top>
                <width>1920</width>
                <height>400</height>
                <texture colordiffuse="background">dialog.png</texture>
            </control>
            <control type="image">
                <top>8</top>
                <width>710</width>
                <height>400</height>
                <aspectratio aligny="center" align="center">scale</aspectratio>
                <texture background="true">$INFO[Player.Art(thumb)]</texture>
            </control>
            <control type="textbox">
                <left>742</left>
                <top>23</top>                 
                <width>1143</width>
                <height>280</height>
                <font>font36</font>
                <aligny>top</aligny>
                <label>$VAR[PlayerTitleLabelVar]</label>
            </control>
            <control type="group">
                <top>338</top>
                <left>745</left>
                <control type="progress">
                    <width>1140</width>
                    <height>8</height>
                    <info>Player.ProgressCache</info>
                    <midtexture colordiffuse="44ffffff">osd/midtexture.png</midtexture>
                </control>
                <control type="progress">
                    <width>1140</width>
                    <height>8</height>
                    <info>Player.Progress</info>
                </control>
                <control type="label">
                    <top>10</top>
                    <width>1140</width>
                    <height>35</height>
                    <font>font12</font>
                    <label>$INFO[Player.Time]$INFO[Player.Duration, / ]</label>
                </control>
                <control type="label">
                    <top>10</top>
                    <width>1140</width>
                    <height>35</height>
                    <font>font12</font>
                    <align>right</align>
                    <label>$INFO[Player.TimeRemaining]$INFO[Player.Duration, / ]</label>
                </control>
                <control type="label">
                    <top>10</top>
                    <width>1140</width>
                    <height>35</height>
                    <font>font12</font>
                    <align>center</align>
                    <label>$VAR[SeekLabelVar]</label>
                </control>
            </control>
        </control>
    </controls>
</window>