<?xml version="1.0" encoding="UTF-8"?>
<window>
    <defaultcontrol>11</defaultcontrol>
    <animation effect="slide" start="0,-140" end="0,0" time="240">WindowOpen</animation>
    <animation effect="slide" start="0,0" end="0,-140" time="180">WindowClose</animation>
    <coordinates>
        <system>1</system>
        <left>600</left>
        <top>0</top>
    </coordinates>
    <controls>
        <control type="image">
            <width>720</width>
            <height>136</height>
            <texture colordiffuse="background">$VAR[CommonBackgroundOverlay]</texture>
        </control>
        <control type="image">
            <left>8</left>
            <width>704</width>
            <height>128</height>
            <texture colordiffuse="background">dialog.png</texture>
        </control>
        <control type="group">
            <top>8</top>
            <control type="label" id="10">
                <description>Dialog header</description>
                <left>30</left>
                <width>345</width>
                <height>60</height>
                <textoffsetx>15</textoffsetx>
                <font>font14_title</font>
            </control>
            <control type="label" id="12">
                <description>Slider Value</description>
                <left>30</left>
                <width>650</width>
                <height>60</height>
                <align>right</align>
                <font>font14_title</font>
            </control>
            <control type="slider" id="11">
                <description>Slider</description>
                <left>45</left>
                <top>60</top>
                <width>630</width>
                <height>30</height>
                <aligny>center</aligny>
                <texturefocus />
                <texturenofocus />
                <texturesliderbar>osd/slider_bg2.png</texturesliderbar>
                <textureslidernib>osd/slider_nib_nf.png</textureslidernib>
                <textureslidernibfocus>osd/slider_nib_fo.png</textureslidernibfocus>
                <onup>11</onup>
                <ondown>11</ondown>
                <onleft>11</onleft>
                <onright>11</onright>
            </control>
        </control>
    </controls>
</window>