<?xml version="1.0" encoding="UTF-8"?>
<window>
    <defaultcontrol always="true">20</defaultcontrol>
    <allowoverlay>no</allowoverlay>
    <controls>
        <include>CommonBackground</include>
        <control type="group">
            <include>MenuSlideAnimation</include>
            <top>0</top>
            <left>-430</left>
            <control type="group">
                <left>580</left>
                <top>20</top>
                <include>Animation.Common</include>
                <control type="label" id="101">
                    <description>current directory text label</description>
                    <top>910</top>
                    <width>821</width>
                    <height>90</height>
                    <font>font16</font>
                    <textoffsetx>30</textoffsetx>
                    <haspath>true</haspath>
                    <textcolor>highlight</textcolor>
                </control>
                <control type="scrollbar" id="30">
                    <left>856</left>
                    <top>182</top>
                    <width>10</width>
                    <height>720</height>
                    <onleft>20</onleft>
                    <onright>21</onright>
                    <ondown>20</ondown>
                    <onup>20</onup>
                    <orientation>vertical</orientation>
                </control>
                <control type="list" id="20">
                    <left>32</left>
                    <top>182</top>
                    <width>821</width>
                    <height>720</height>
                    <onleft>9000</onleft>
                    <onright>30</onright>
                    <onup>20</onup>
                    <ondown>20</ondown>
                    <pagecontrol>30</pagecontrol>
                    <scrolltime tween="quadratic" easing="out">200</scrolltime>
                    <itemlayout height="60" width="821">
                        <control type="label">
                            <width>630</width>
                            <height>60</height>
                            <font>font14</font>
                            <textoffsetx>15</textoffsetx>
                            <selectedcolor>highlight</selectedcolor>
                            <label>$INFO[ListItem.Label]</label>
                        </control>
                        <control type="label">
                            <width>821</width>
                            <height>60</height>
                            <font>font14</font>
                            <textoffsetx>15</textoffsetx>
                            <selectedcolor>highlight</selectedcolor>
                            <align>right</align>
                            <label>$INFO[ListItem.Label2]</label>
                        </control>
                    </itemlayout>
                    <focusedlayout height="60" width="821">
                        <control type="image">
                            <width>821</width>
                            <height>60</height>
                            <texture>selecteditem_bg.png</texture>
                            <colordiffuse>highlight</colordiffuse>
                            <visible>Control.HasFocus(20)</visible>
                        </control>
                        <control type="label">
                            <width>821</width>
                            <height>60</height>
                            <font>font14</font>
                            <textoffsetx>15</textoffsetx>
                            <label>$INFO[ListItem.Label]</label>
                        </control>
                        <control type="label">
                            <width>821</width>
                            <height>60</height>
                            <font>font14</font>
                            <textoffsetx>15</textoffsetx>
                            <align>right</align>
                            <label>$INFO[ListItem.Label2]</label>
                        </control>
                    </focusedlayout>
                </control>
            </control>
            <control type="group">
                <left>1440</left>
                <top>20</top>
                <include>Animation.Common</include>
                <control type="label" id="102">
                    <description>current directory text label</description>
                    <left>50</left>
                    <top>910</top>
                    <width>821</width>
                    <height>90</height>
                    <font>font16</font>
                    <align>right</align>
                    <textoffsetx>30</textoffsetx>
                    <haspath>true</haspath>
                    <textcolor>highlight</textcolor>
                </control>
                <control type="scrollbar" id="31">
                    <left>856</left>
                    <top>182</top>
                    <width>10</width>
                    <height>720</height>
                    <onleft>21</onleft>
                    <onright>20</onright>
                    <ondown>21</ondown>
                    <onup>21</onup>
                    <orientation>vertical</orientation>
                </control>
                <control type="list" id="21">
                    <left>32</left>
                    <top>182</top>
                    <width>821</width>
                    <height>720</height>
                    <onleft>30</onleft>
                    <onright>31</onright>
                    <onup>21</onup>
                    <ondown>21</ondown>
                    <pagecontrol>31</pagecontrol>
                    <scrolltime tween="quadratic" easing="out">200</scrolltime>
                    <itemlayout height="60" width="821">
                        <control type="label">
                            <width>630</width>
                            <height>60</height>
                            <font>font14</font>
                            <textoffsetx>15</textoffsetx>
                            <selectedcolor>highlight</selectedcolor>
                            <label>$INFO[ListItem.Label]</label>
                        </control>
                        <control type="label">
                            <width>821</width>
                            <height>60</height>
                            <font>font14</font>
                            <textoffsetx>15</textoffsetx>
                            <selectedcolor>highlight</selectedcolor>
                            <align>right</align>
                            <label>$INFO[ListItem.Label2]</label>
                        </control>
                    </itemlayout>
                    <focusedlayout height="60" width="821">
                        <control type="image">
                            <width>821</width>
                            <height>60</height>
                            <texture>selecteditem_bg.png</texture>
                            <colordiffuse>highlight</colordiffuse>
                            <visible>Control.HasFocus(21)</visible>
                        </control>
                        <control type="label">
                            <width>821</width>
                            <height>60</height>
                            <font>font14</font>
                            <textoffsetx>15</textoffsetx>
                            <label>$INFO[ListItem.Label]</label>
                        </control>
                        <control type="label">
                            <width>821</width>
                            <height>60</height>
                            <font>font14</font>
                            <textoffsetx>15</textoffsetx>
                            <align>right</align>
                            <label>$INFO[ListItem.Label2]</label>
                        </control>
                    </focusedlayout>
                </control>
            </control>
            <include>Submenu</include>
            <include>MainMenu</include>
            <include>Topbar</include>
        </control>
    </controls>
</window>