<?xml version="1.0" encoding="UTF-8"?>
<window>
    <defaultcontrol>50</defaultcontrol>
    <menucontrol>9051</menucontrol>
    <onload>ClearProperty(MediaMenu,home)</onload>
    <onunload>ClearProperty(MediaMenu,home)</onunload>
    <allowoverlay>no</allowoverlay>
    <views>50</views>
    <controls>
        <include>CommonBackground</include>
        <control type="group">
            <include>MenuSlideAnimation</include>
            <top>0</top>
            <left>-430</left>
            <control type="group">
                <description>Search group</description>
                <visible>Control.IsVisible(50)</visible>
                <include>Animation.Common</include>
                <left>635</left>
                <top>165</top>
                <control type="list" id="50">
                    <left>0</left>
                    <top>32</top>
                    <width>1665</width>
                    <height>840</height>
                    <onup>50</onup>
                    <ondown>50</ondown>
                    <onleft>9000</onleft>
                    <onright condition="Container(50).HasPrevious | Container(50).HasNext">60</onright>
                    <onright condition="!Container(50).HasPrevious + !Container(50).HasNext">SetProperty(MediaMenu,true,home)</onright>
                    <onright condition="!Container(50).HasPrevious + !Container(50).HasNext">SetFocus(9050)</onright>
                    <pagecontrol>60</pagecontrol>
                    <scrolltime tween="quadratic" easing="out">200</scrolltime>
                    <itemlayout height="90">
                        <control type="label">
                            <left>5</left>
                            <width>100</width>
                            <height>90</height>
                            <font>font15_title</font>
                            <align>center</align>
                            <selectedcolor>highlight</selectedcolor>
                            <label>$INFO[ListItem.ChannelNumberLabel]</label>
                        </control>
                        <control type="label">
                            <left>110</left>
                            <width>236</width>
                            <height>90</height>
                            <font>font15</font>
                            <selectedcolor>highlight</selectedcolor>
                            <label>$INFO[ListItem.ChannelName]</label>
                        </control>
                        <control type="label">
                            <left>440</left>
                            <width>1200</width>
                            <height>90</height>
                            <font>font15</font>
                            <textoffsetx>20</textoffsetx>
                            <selectedcolor>highlight</selectedcolor>
                            <label>$INFO[ListItem.Label]</label>
                        </control>
                        <control type="label">
                            <left>440</left>
                            <width>1200</width>
                            <height>90</height>
                            <align>right</align>
                            <font>font15</font>
                            <textoffsetx>20</textoffsetx>
                            <selectedcolor>highlight</selectedcolor>
                            <label>$INFO[ListItem.Date]</label>
                            <animation effect="slide" start="0" end="-60" time="100" tween="sine" easing="in" condition="[ListItem.HasTimer | ListItem.IsRecording]">Conditional</animation>
                        </control>
                        <control type="group">
                            <visible>[ListItem.HasTimer | ListItem.IsRecording]</visible>
                            <left>1756</left>
                            <control type="label">
                                <top>30</top>
                                <width>120</width>
                                <height>30</height>
                                <font>IconSmall</font>
                                <textoffsetx>15</textoffsetx>
                                <align>right</align>
                                <selectedcolor>highlight</selectedcolor>
                                <label>u</label>
                                <visible>ListItem.HasTimer</visible>
                            </control>
                            <control type="label">
                                <top>30</top>
                                <width>120</width>
                                <height>30</height>
                                <font>IconSmall</font>
                                <textoffsetx>15</textoffsetx>
                                <align>right</align>
                                <selectedcolor>highlight</selectedcolor>
                                <label>j</label>
                                <visible>ListItem.IsRecording</visible>
                            </control>
                        </control>
                    </itemlayout>
                    <focusedlayout height="90">
                        <control type="image">
                            <width>356</width>
                            <height>90</height>
                            <texture>selecteditem_bg.png</texture>
                            <colordiffuse>highlight</colordiffuse>
                            <visible>Control.HasFocus(50)</visible>
                            <include>VisibleFadeEffect</include>
                        </control>
                        <control type="image">
                            <left>430</left>
                            <width>1210</width>
                            <height>90</height>
                            <texture>selecteditem_bg.png</texture>
                            <colordiffuse>highlight</colordiffuse>
                            <visible>Control.HasFocus(50)</visible>
                            <include>VisibleFadeEffect</include>
                        </control>
                        <control type="label">
                            <left>5</left>
                            <width>100</width>
                            <height>90</height>
                            <font>font15_title</font>
                            <align>center</align>
                            <label>$INFO[ListItem.ChannelNumberLabel]</label>
                        </control>
                        <control type="label">
                            <left>110</left>
                            <width>236</width>
                            <height>90</height>
                            <font>font15</font>
                            <label>$INFO[ListItem.ChannelName]</label>
                        </control>
                        <control type="label">
                            <left>440</left>
                            <width>1200</width>
                            <height>90</height>
                            <font>font15</font>
                            <textoffsetx>20</textoffsetx>
                            <label>$INFO[ListItem.Label]</label>
                        </control>
                        <control type="label">
                            <left>440</left>
                            <width>1200</width>
                            <height>90</height>
                            <align>right</align>
                            <font>font15</font>
                            <textoffsetx>20</textoffsetx>
                            <label>$INFO[ListItem.Date]</label>
                            <animation effect="slide" start="0" end="-60" time="100" tween="sine" easing="in" condition="[ListItem.HasTimer | ListItem.IsRecording]">Conditional</animation>
                        </control>
                        <control type="group">
                            <visible>[ListItem.HasTimer | ListItem.IsRecording]</visible>
                            <left>1756</left>
                            <control type="label">
                                <top>30</top>
                                <width>120</width>
                                <height>30</height>
                                <font>IconSmall</font>
                                <textoffsetx>15</textoffsetx>
                                <align>right</align>
                                <label>u</label>
                                <visible>ListItem.HasTimer</visible>
                            </control>
                            <control type="label">
                                <top>30</top>
                                <width>120</width>
                                <height>30</height>
                                <font>IconSmall</font>
                                <textoffsetx>15</textoffsetx>
                                <align>right</align>
                                <label>j</label>
                                <visible>ListItem.IsRecording</visible>
                            </control>
                        </control>
                    </focusedlayout>
                </control>
            </control>
            <control type="scrollbar" id="60">
                <visible allowhiddenfocus="true">Control.HasFocus(60) | Container.Scrolling</visible>
                <left>2340</left>
                <top>120</top>
                <width>10</width>
                <height>960</height>
                <orientation>vertical</orientation>
                <onleft>50</onleft>
                <onright>SetProperty(MediaMenu,true,home)</onright>
                <onright>SetFocus(9050)</onright>
            </control>
            <include>Submenu</include>
            <include>MainMenu</include>
            <include>Topbar</include>
            <include>PVRMediaMenu</include>
        </control>
    </controls>
</window>