<?xml version="1.0" encoding="UTF-8"?>
<includes>
    <variable name="GlobalBackgroundVar">
        <value condition="!Skin.HasSetting(Disable.FanartBackground) + !String.IsEmpty(Container.ListItem.Art(fanart))">$INFO[Container.ListItem.Art(fanart)]</value>
        <value condition="!Skin.HasSetting(Disable.FanartBackground) + !String.IsEmpty(ListItem.Art(fanart))">$INFO[ListItem.Art(fanart)]</value>
        <value condition="!Skin.HasSetting(Disable.FanartBackground) + !String.IsEmpty(Container.Art(set.fanart))">$INFO[Container.Art(set.fanart)]</value>
        <value condition="!Skin.HasSetting(Disable.FanartBackground) + !String.IsEmpty(Container.Art(artist.fanart))">$INFO[Container.Art(artist.fanart)]</value>
        <value condition="!Skin.HasSetting(Disable.FanartBackground) + !String.IsEmpty(Container.Art(tvshow.fanart))">$INFO[Container.Art(tvshow.fanart)]</value>
        <value condition="!Skin.HasSetting(Disable.FanartBackground) + Window.IsActive(1119) + !String.IsEmpty(Container(51).ListItem.Art(fanart)) + Control.HasFocus(51)">$INFO[Container(51).ListItem.Art(fanart)]</value>
        <value condition="!String.IsEmpty(Skin.String(CustomBackground))">$INFO[Skin.String(CustomBackground)]</value>
        <value>special://skin/backgrounds/default_bg.jpg</value>
    </variable>
    <variable name="HomeBackgroundVar">
        <value condition="!String.IsEmpty(Skin.String(CustomBackground))">$INFO[Skin.String(CustomBackground)]</value>
        <value>special://skin/backgrounds/default_bg.jpg</value>
    </variable>
    <variable name="VizBackgroundLabelVar">
        <value condition="String.IsEqual(Skin.String(musicvis.background),fanart)">$LOCALIZE[20445]</value>
        <value condition="System.HasAddon(script.artistslideshow) + String.IsEqual(Skin.String(musicvis.background),artistslideshow)">$INFO[System.AddonTitle(script.artistslideshow)]</value>
        <value condition="String.IsEqual(Skin.String(musicvis.background),albumwall)">$LOCALIZE[31068]</value>
        <value>$LOCALIZE[231]</value>
    </variable>
    <variable name="OverlayBGVar">
        <value condition="!Skin.HasSetting(Disable.ResumableOverlay) + ListItem.IsResumable">overlays/overlaybg.png</value>
        <value condition="Skin.HasSetting(Enable.UnwatchedOverlay) + [String.IsEqual(ListItem.Overlay,OverlayUnwatched.png) | Integer.IsEqual(ListItem.PlayCount,0)]">overlays/overlaybg.png</value>
        <value condition="!Skin.HasSetting(Disable.WatchedOverlay) + [String.IsEqual(ListItem.Overlay,OverlayWatched.png) | Integer.IsGreater(ListItem.PlayCount,0)]">overlays/overlaybg.png</value>
    </variable>
    <variable name="OverlayIconVar">
        <value condition="!Skin.HasSetting(Disable.ResumableOverlay) + ListItem.IsResumable">S</value>
        <value condition="Skin.HasSetting(Enable.UnwatchedOverlay) + [String.IsEqual(ListItem.Overlay,OverlayUnwatched.png) | Integer.IsEqual(ListItem.PlayCount,0)]">R</value>
        <value condition="!Skin.HasSetting(Disable.WatchedOverlay) + [String.IsEqual(ListItem.Overlay,OverlayWatched.png) | Integer.IsGreater(ListItem.PlayCount,0)]">T</value>
    </variable>
    <variable name="OverlayListVar">
        <value condition="ListItem.IsResumable">S</value>
        <value condition="String.IsEqual(ListItem.Overlay,OverlayUnwatched.png)">R</value>
        <value condition="String.IsEqual(ListItem.Overlay,OverlayWatched.png) | Integer.IsGreater(ListItem.PlayCount,0)">T</value>
    </variable>
    <variable name="HeaderLabel">
        <value condition="Window.IsActive(filemanager)">$LOCALIZE[7]</value>
        <value condition="Window.IsActive(weather)">$LOCALIZE[8]</value>
        <value condition="Window.IsActive(1121)">$LOCALIZE[8]: $LOCALIZE[31036]</value>
        <value condition="Window.IsActive(1122)">$LOCALIZE[8]: $LOCALIZE[31037]</value>
        <value condition="Window.IsActive(1123)">$LOCALIZE[8]: $LOCALIZE[31038]</value>
        <value condition="Window.IsActive(1124)">$LOCALIZE[8]: $LOCALIZE[31039]</value>
        <value condition="Window.IsActive(1125)">$LOCALIZE[8]: $LOCALIZE[33035]</value>
        <value condition="String.Contains(Container.FolderPath,plugin://plugin.program.advanced.launcher/)">$INFO[System.AddonTitle(plugin.program.advanced.launcher)]</value>
        <value condition="Window.IsActive(script-globalsearch-main.xml)">$INFO[System.AddonTitle(script.globalsearch)]</value>
        <value condition="Window.IsActive(script-script.extendedinfo-YoutubeList.xml)">$INFO[System.AddonTitle(context.youtube.browser)]</value>
        <value condition="Window.IsActive(settings) | Window.IsActive(SettingsCategory.xml) | Window.IsActive(profiles) | Window.IsActive(skinsettings)">$LOCALIZE[5]</value>
        <value condition="Window.IsActive(TVGuide) | Window.IsActive(RadioGuide)">$LOCALIZE[19069]</value>
        <value condition="Window.IsActive(TVRecordings) | Window.IsActive(RadioRecordings)">$LOCALIZE[19163]</value>
        <value condition="Window.IsActive(TVTimers) | Window.IsActive(RadioTimers)">$LOCALIZE[19040]</value>
        <value condition="Window.IsActive(TVSearch) | Window.IsActive(RadioSearch)">$LOCALIZE[137]</value>
        <value condition="Window.IsActive(eventlog)">$LOCALIZE[14111]$INFO[Control.GetLabel(21), - ,]</value>
        <value condition="Window.IsActive(home)">$LOCALIZE[10000]</value>
        <value condition="!String.IsEmpty(Container.FolderName)">$INFO[Container.FolderName]</value>
        <value condition="Window.IsActive(1119)">$LOCALIZE[24001]</value>
        <value condition="Window.IsActive(games)">$LOCALIZE[15016]</value>
        <value>$INFO[System.CurrentWindow]</value>
    </variable>
    <variable name="HeaderSubLabel">
        <value condition="Window.IsActive(1119)">$INFO[Container(51).NumItems,, $LOCALIZE[31025]]</value>
        <value condition="Window.IsVisible(home) + Window.IsActive(DialogContextMenu.xml)">$LOCALIZE[31246]</value>
        <value condition="Window.IsActive(profiles)">$LOCALIZE[13200]</value>
        <value condition="Window.IsActive(systeminfo)">$INFO[Control.GetLabel(52)]</value>
        <value condition="Window.IsActive(filemanager) + ![Control.HasFocus(21) | Control.HasFocus(31)]">$INFO[Container(20).CurrentItem,, $LOCALIZE[1443] ]$INFO[Container(20).NumItems,, $LOCALIZE[31025]]</value>
        <value condition="Window.IsActive(filemanager) + [Control.HasFocus(21) | Control.HasFocus(31)]">$INFO[Container(21).CurrentItem,, $LOCALIZE[1443] ]$INFO[Container(21).NumItems,, $LOCALIZE[31025]]</value>
        <value condition="Window.IsActive(musicplaylisteditor) + [Control.HasFocus(50) | Control.HasFocus(60)]">$INFO[Container(50).CurrentItem,, $LOCALIZE[1443] ]$INFO[Container(50).NumItems,, $LOCALIZE[31025]]</value>
        <value condition="Window.IsActive(musicplaylisteditor) + [Control.HasFocus(100) | Control.HasFocus(61)]">$INFO[Container(100).CurrentItem,, $LOCALIZE[1443] ]$INFO[Container(100).NumItems,, $LOCALIZE[31025]]</value>
        <value condition="Window.IsActive(script-globalsearch-main.xml)">$LOCALIZE[31186] "$INFO[Window.Property(GlobalSearch.SearchString)]"</value>
        <value condition="Window.IsActive(script-script.extendedinfo-YoutubeList.xml)">$INFO[Window.Property(TotalItems),, $LOCALIZE[31025]]</value>
        <value condition="Window.IsActive(systemsettings)">$LOCALIZE[13000]</value>
        <value condition="Window.IsActive(servicesettings)">$LOCALIZE[13279]</value>
        <value condition="Window.IsActive(pvrsettings)">$LOCALIZE[19020]</value>
        <value condition="Window.IsActive(skinsettings)">$LOCALIZE[166]</value>
        <value condition="Window.IsActive(playersettings)">$LOCALIZE[16003]</value>
        <value condition="Window.IsActive(mediasettings)">$LOCALIZE[14211]</value>
        <value condition="Window.IsActive(gamesettings)">$LOCALIZE[15016]</value>
        <value condition="Window.IsActive(interfacesettings)">$LOCALIZE[14206]</value>
        <value condition="Window.IsActive(settings)">$INFO[System.FriendlyName]</value>
        <value condition="Window.IsActive(weather) | Window.IsActive(1121) | Window.IsActive(1122) | Window.IsActive(1123) | Window.IsActive(1124) | Window.IsActive(1125)">$INFO[Window(weather).Property(Location)]</value>
        <value condition="Window.IsActive(home) + [Control.HasFocus(9000) | Control.HasFocus(9010)]">$INFO[Container(9000).ListItem.Label]</value>
        <value condition="Window.IsActive(home) + !String.IsEqual(Container(9000).ListItem.Property(widgetName),weather)">$INFO[Container(9000).ListItem.Property(widgetName)]</value>

        <value condition="Window.IsActive(home) + String.IsEqual(Container(9000).ListItem.Property(widgetName),weather) + !Weather.IsFetched">$LOCALIZE[31909]</value>
        <value condition="Window.IsActive(home) + String.IsEqual(Container(9000).ListItem.Property(widgetName),weather) + Weather.IsFetched">$INFO[Window(weather).Property(Location)]</value>

        <value condition="Window.IsActive(home) + Window.IsVisible(virtualkeyboard)">$LOCALIZE[137]</value>
        <value condition="Window.IsActive(home) + Window.IsVisible(shutdownmenu)">$LOCALIZE[13005]</value>
        <value condition="Window.IsActive(home) + Window.IsVisible(busydialog)">$LOCALIZE[503]</value>
        <value condition="Control.HasFocus(53)">$INFO[Container(53).CurrentItem,, $LOCALIZE[1443] ]$INFO[Container(53).NumItems,, $LOCALIZE[31025]]</value>
        <value condition="Control.HasFocus(54)">$INFO[Container(54).CurrentItem,, $LOCALIZE[1443] ]$INFO[Container(54).NumItems,, $LOCALIZE[31025]]</value>
        <value>$INFO[Container.CurrentItem,, $LOCALIZE[1443] ]$INFO[Container.NumItems,, $LOCALIZE[31025]]</value>
    </variable>
    <variable name="HeaderLabel2">
        <value condition="VideoPlayer.Content(episodes) + [!Window.IsVisible(extendedprogressdialog) | Window.IsVisible(script-globalsearch-main.xml)]">$INFO[VideoPlayer.Season]$INFO[VideoPlayer.Episode,X,. ]$INFO[Player.Title]</value>

        <value condition="[Player.Playing | Player.HasAudio | Player.HasVideo] + [!Window.IsVisible(extendedprogressdialog) | Window.IsVisible(script-globalsearch-main.xml)]">$INFO[Player.Title]</value>

        <value condition="![Player.Playing | Player.HasAudio | Player.HasVideo] + !IsEmpty(Weather.Plugin) + [!Window.IsVisible(extendedprogressdialog) | Window.IsVisible(script-globalsearch-main.xml)]">[LOWERCASE]$INFO[System.Time][/LOWERCASE]</value>

        <value condition="![Player.Playing | Player.HasAudio | Player.HasVideo] + IsEmpty(Weather.Plugin) + [!Window.IsVisible(extendedprogressdialog) | Window.IsVisible(script-globalsearch-main.xml)]">[LOWERCASE]$INFO[System.Time][/LOWERCASE]</value>
    </variable>
    <variable name="HeaderSubLabel2">
        <value condition="VideoPlayer.Content(livetv) + [!Window.IsVisible(extendedprogressdialog) | Window.IsVisible(script-globalsearch-main.xml)]">$INFO[VideoPlayer.ChannelNumber,,: ]$INFO[VideoPlayer.ChannelName]</value>

        <value condition="VideoPlayer.Content(episodes) + [!Window.IsVisible(extendedprogressdialog) | Window.IsVisible(script-globalsearch-main.xml)]">$INFO[VideoPlayer.Premiered,, • ]$INFO[VideoPlayer.TvShowTitle]</value>

        <value condition="VideoPlayer.Content(movies) + [!Window.IsVisible(extendedprogressdialog) | Window.IsVisible(script-globalsearch-main.xml)]">$INFO[VideoPlayer.Year]$INFO[VideoPlayer.Genre, • ]</value>

        <value condition="VideoPlayer.Content(musicvideos) + [!Window.IsVisible(extendedprogressdialog) | Window.IsVisible(script-globalsearch-main.xml)]">$INFO[VideoPlayer.Artist]</value>

        <value condition="Player.HasAudio + !String.IsEmpty(MusicPlayer.Artist) + [!Window.IsVisible(extendedprogressdialog) | Window.IsVisible(script-globalsearch-main.xml)]">$INFO[MusicPlayer.Artist]$INFO[MusicPlayer.Album, • ]</value>

        <value condition="!String.IsEmpty(Player.Title) + [!Window.IsVisible(extendedprogressdialog) | Window.IsVisible(script-globalsearch-main.xml)]">$INFO[Player.Time]$INFO[Player.Duration, / ]</value>

        <value condition="![Player.Playing | Player.HasAudio | Player.HasVideo] + [!Window.IsVisible(extendedprogressdialog) | Window.IsVisible(script-globalsearch-main.xml)]">$INFO[System.Date]</value>
    </variable>
    <variable name="HeaderDialogLabel2">
        <value condition="VideoPlayer.Content(episodes)">$INFO[VideoPlayer.Season]$INFO[VideoPlayer.Episode,X,. ]$INFO[Player.Title]</value>
        <value condition="Player.Playing | Player.HasAudio | Player.HasVideo">$INFO[Player.Title]</value>
        <value condition="![Player.Playing | Player.HasAudio | Player.HasVideo] + !IsEmpty(Weather.Plugin)">[LOWERCASE]$INFO[System.Time][/LOWERCASE]</value>
        <value condition="![Player.Playing | Player.HasAudio | Player.HasVideo] + IsEmpty(Weather.Plugin)">[LOWERCASE]$INFO[System.Time][/LOWERCASE]</value>
    </variable>
    <variable name="HeaderDialogSubLabel2">
        <value condition="VideoPlayer.Content(livetv)">$INFO[VideoPlayer.ChannelNumber,,: ]$INFO[VideoPlayer.ChannelName]</value>
        <value condition="VideoPlayer.Content(episodes)">$INFO[VideoPlayer.Premiered,, • ]$INFO[VideoPlayer.TvShowTitle]</value>
        <value condition="VideoPlayer.Content(movies)">$INFO[VideoPlayer.Year]$INFO[VideoPlayer.Genre, • ]</value>
        <value condition="VideoPlayer.Content(musicvideos)">$INFO[VideoPlayer.Artist]</value>
        <value condition="Player.HasAudio + !String.IsEmpty(MusicPlayer.Artist)">$INFO[MusicPlayer.Artist]$INFO[MusicPlayer.Album, • ]</value>
        <value condition="!String.IsEmpty(Player.Title)">$INFO[Player.Time]$INFO[Player.Duration, / ]</value>
        <value condition="![Player.Playing | Player.HasAudio | Player.HasVideo]">$INFO[System.Date]</value>
    </variable>
    <variable name="HeaderLabelInfoDialog">
        <value condition="String.IsEqual(ListItem.DBTYPE,episode)">$INFO[ListItem.Season,,x]$INFO[ListItem.Episode,,. ]$INFO[ListItem.Title]</value>
        <value condition="String.IsEqual(ListItem.DBTYPE,artist) + !String.IsEmpty(ListItem.Artist)">$INFO[ListItem.Artist]</value>
        <value condition="String.IsEqual(ListItem.DBTYPE,album) + !String.IsEmpty(ListItem.Album)">$INFO[ListItem.Album]</value>
        <value condition="String.IsEqual(ListItem.DBTYPE,song) + !String.IsEmpty(ListItem.Title)">$INFO[ListItem.TrackNumber,,. ]$INFO[ListItem.Title]</value>
        <value condition="!String.IsEmpty(ListItem.Album)">$INFO[ListItem.Album]</value>
        <value condition="!String.IsEmpty(ListItem.Title) + Integer.IsGreaterThan(ListItem.TrackNumber,0)">$INFO[ListItem.TrackNumber,,. ]$INFO[ListItem.Title]</value>
        <value condition="!String.IsEmpty(ListItem.Artist)">$INFO[ListItem.Artist]</value>
        <value condition="!String.IsEmpty(ListItem.Title)">$INFO[ListItem.Title]</value>
        <value>$INFO[ListItem.Label]</value>
    </variable>
    <variable name="MusicOSDRepeatButtonVar">
        <value condition="!Playlist.IsRepeat + !Playlist.IsRepeatOne">O</value>
        <value condition="Playlist.IsRepeatOne">p</value>
        <value condition="Playlist.IsRepeat">L</value>
    </variable>
    <variable name="ListMainLabelVar">
        <value condition="Container.Content(songs)">$INFO[ListItem.Title]</value>
        <value condition="Window.IsActive(videoplaylist) + !String.IsEmpty(ListItem.Episode)">$INFO[ListItem.Season,,x]$INFO[ListItem.Episode,,. ]$INFO[ListItem.Title]</value>
        <value>$INFO[ListItem.Label]</value>
    </variable>
    <variable name="HeaderSubLabelInfoDialog">
        <value condition="String.IsEqual(ListItem.DBTYPE,movie) + !String.IsEmpty(ListItem.Tagline)">$INFO[ListItem.Tagline]</value>
        <value condition="String.IsEqual(ListItem.DBTYPE,movie) + String.IsEmpty(ListItem.Tagline)">$INFO[ListItem.OriginalTitle]</value>
        <value condition="String.IsEqual(ListItem.DBTYPE,tvshow) + !String.IsEmpty(Window(Home).Property(NextAired.Status))">$INFO[Window(Home).Property(NextAired.Status)]</value>
        <value condition="[String.IsEqual(ListItem.DBTYPE,episode) | String.IsEqual(ListItem.DBTYPE,season)] + !String.IsEmpty(ListItem.TvShowTitle)">$INFO[ListItem.TvShowTitle]</value>
        <value condition="String.IsEqual(ListItem.DBTYPE,musicvideo) + !String.IsEmpty(ListItem.Artist)">$INFO[ListItem.Artist]</value>
        <value condition="String.IsEqual(ListItem.DBTYPE,artist)">$INFO[ListItem.Genre]</value>
        <value condition="String.IsEqual(ListItem.DBTYPE,album)">$INFO[ListItem.Artist]</value>
        <value condition="String.IsEqual(ListItem.DBTYPE,song)">$INFO[ListItem.Artist]$INFO[ListItem.Album, • ]</value>
        <value condition="Window.IsVisible(addoninformation)">$INFO[ListItem.AddonVersion]</value>
        <!--<value condition="Window.IsActive(script-script.extendedinfo-DialogInfo.xml) + !String.IsEmpty(Window.Property(AlsoKnownAs))">$INFO[Window.Property(AlsoKnownAs)]</value>
        <value condition="Window.IsActive(script-script.extendedinfo-DialogInfo.xml) + String.IsEmpty(Window.Property(AlsoKnownAs))">$LOCALIZE[14116]</value>
        <value condition="Window.IsActive(script-script.extendedinfo-DialogVideoInfo.xml) + !String.IsEmpty(Window.Property(tagline))">$INFO[Window.Property(tagline)]</value>
        <value condition="Window.IsActive(script-script.extendedinfo-DialogVideoInfo.xml) + String.IsEmpty(Window.Property(tagline))">$INFO[Window.Property(originaltitle)]</value>
        <value condition="Window.IsActive(addoninformation)">$INFO[ListItem.AddonType]</value>
        <value condition="Window.IsActive(script-globalsearch-infodialog.xml) + Control.IsVisible(110) + !String.IsEmpty(Container(100).ListItem.Property(TagLine))">$INFO[Container(100).ListItem.Property(TagLine)]</value>
        <value condition="Window.IsActive(script-globalsearch-infodialog.xml) + Control.IsVisible(110) + String.IsEmpty(Container(100).ListItem.Property(TagLine))">$INFO[Container(100).ListItem.Property(PlotOutline)]</value>
        <value condition="Window.IsActive(script-globalsearch-infodialog.xml) + Control.IsVisible(120)">$INFO[Container(100).ListItem.Property(Genre)]</value>
        <value condition="Window.IsActive(script-globalsearch-infodialog.xml) + [Control.IsVisible(130) | Control.IsVisible(140)]">$INFO[Container(100).ListItem.Property(TVShowTitle)]</value>
        <value condition="Window.IsActive(script-globalsearch-infodialog.xml) + [Control.IsVisible(150) | Control.IsVisible(170) | Control.IsVisible(180)]">$INFO[Container(100).ListItem.Property(Artist)]</value>
        <value condition="Window.IsActive(script-globalsearch-infodialog.xml) + Control.IsVisible(160)">$INFO[Container(100).ListItem.Property(Artist_Genre)]</value>-->
        <value>$LOCALIZE[14116]</value>
    </variable>
    <variable name="ListSubLabelVar">
        <value condition="Container.Content(addons)">$INFO[ListItem.AddonSummary]</value>
        <value condition="Container.Content(movies)">$INFO[ListItem.Year,, • ]$INFO[ListItem.Genre]</value>
        <value condition="Container.Content(sets)">$INFO[ListItem.Rating]</value>
        <value condition="Container.Content(seasons)">$INFO[ListItem.Property(TotalEpisodes),, $LOCALIZE[20453]]</value>
        <value condition="Container.Content(episodes)">$INFO[ListItem.Premiered]</value>
        <value condition="Container.Content(albums) | Container.Content(songs)">$INFO[ListItem.Artist]</value>
        <value condition="Container.Content(images)">$INFO[ListItem.PictureResolution]</value>
        <value condition="Window.IsActive(videoplaylist) + !String.IsEmpty(ListItem.Episode)">$INFO[ListItem.Premiered]</value>
        <value condition="[Container.Content(actors) | Container.Content(directors)] + !String.IsEmpty(ListItem.Label2)">$INFO[ListItem.Label2] $LOCALIZE[31123]</value>
        <value condition="!Container.Content(genres)">$INFO[ListItem.Genre]</value>
    </variable>
    <variable name="PosterVar">
        <value condition="Container.Content(episodes) + !String.IsEmpty(ListItem.Art(season.poster))">$INFO[ListItem.Art(season.poster)]</value>
        <value condition="Container.Content(episodes) + !String.IsEmpty(Container.Art(season.poster))">$INFO[Container.Art(season.poster)]</value>
        <value condition="Container.Content(episodes) + !String.IsEmpty(ListItem.Art(tvshow.poster))">$INFO[ListItem.Art(tvshow.poster)]</value>
        <value condition="!String.IsEmpty(ListItem.Art(poster))">$INFO[ListItem.Art(poster)]</value>
        <value condition="!String.IsEmpty(ListItem.Art(thumb))">$INFO[ListItem.Art(thumb)]</value>
        <value condition="ListItem.IsParentFolder">DefaultFallbackParent.png</value>
        <value condition="ListItem.IsFolder">DefaultFallback.png</value>
        <value condition="Window.IsActive(videos)">DefaultFallbackMovies.png</value>
        <value>$INFO[ListItem.Icon]</value>
    </variable>
    <variable name="ThumbVar">
        <value condition="String.Contains(ListItem.Label,* All Albums) | String.Contains(ListItem.Label,* All Songs)">$INFO[ListItem.Icon]</value>
        <value condition="!String.IsEmpty(ListItem.Art(thumb))">$INFO[ListItem.Art(thumb)]</value>
        <value condition="ListItem.IsParentFolder">DefaultFallbackParent.png</value>
        <value condition="ListItem.IsFolder + !String.StartsWith(ListItem.Icon,Default)">$INFO[ListItem.Icon]</value>
        <value condition="ListItem.IsFolder">DefaultFallback.png</value>
        <value condition="String.StartsWith(ListItem.Icon,Default)">DefaultFallbackMovies.png</value>
        <value>$INFO[ListItem.Icon]</value>
    </variable>
    <variable name="LandscapeArtVar">
        <value condition="!String.IsEmpty(ListItem.Art(landscape)) + !Container.Content(episodes)">$INFO[ListItem.Art(landscape)]</value>
        <value condition="!String.IsEmpty(ListItem.Art(fanart)) + !Container.Content(episodes)">$INFO[ListItem.Art(fanart)]</value>
        <value condition="!String.IsEmpty(ListItem.Thumb)">$INFO[ListItem.Thumb]</value>
        <value condition="ListItem.IsParentFolder">DefaultFallbackParent.png</value>
        <value>DefaultFallback.png</value>
    </variable>
    <variable name="OneOrMoreSeasonsVar">
        <value condition="String.IsEqual(ListItem.Property(TotalSeasons),1)">$LOCALIZE[20373]</value>
        <value>$LOCALIZE[33054]</value>
    </variable>
    <variable name="OneOrMoreEpisodesVar">
        <value condition="String.IsEqual(ListItem.Property(TotalEpisodes),1)">$LOCALIZE[20359]</value>
        <value>$LOCALIZE[20360]</value>
    </variable>
    <variable name="VideoInfoPlotVar">
        <value condition="!String.IsEmpty(ListItem.Plot)">$INFO[ListItem.Plot]</value>
        <value condition="!String.IsEmpty(ListItem.PlotOutline)">$INFO[ListItem.PlotOutline]</value>
        <value>$LOCALIZE[15063]</value>
    </variable>
    <variable name="VideoPlotVar">
        <value condition="Container.Content(seasons)">$INFO[Container.ShowPlot]</value>
        <value condition="!String.IsEmpty(ListItem.PlotOutline)">$INFO[ListItem.PlotOutline]</value>
        <value>$INFO[ListItem.Plot]</value>
    </variable>
    <variable name="MusicPlotVar">
        <value condition="!String.IsEmpty(ListItem.Property(Album_Description))">$INFO[ListItem.Property(Album_Description)]</value>
        <value condition="!String.IsEmpty(ListItem.Property(Artist_Description))">$INFO[ListItem.Property(Artist_Description)]</value>
        <value condition="!String.IsEmpty(ListItem.AddonDescription)">$INFO[ListItem.AddonDescription]$INFO[ListItem.AddonDisclaimer, -- ]</value>
        <value condition="!String.IsEmpty(ListItem.Comment)">$INFO[ListItem.Comment]</value>
        <value>$INFO[ListItem.Plot]</value>
    </variable>
    <variable name="SourceFlagVar">
        <value condition="[String.Contains(ListItem.filename,PDTV) | String.Contains(ListItem.filename,sdtv) | String.Contains(ListItem.filename,sd tv)]">sdtv</value>
        <value condition="[String.Contains(ListItem.Filename,hdtv) | String.Contains(ListItem.Filename,hd tv)]">hdtv</value>
        <value condition="[String.Contains(ListItem.Filename,hddvd) | String.Contains(ListItem.Filename,hd-dvd)]">hddvd</value>
        <value condition="ListItem.IsStereoscopic">bluray3d</value>
        <value condition="[String.Contains(ListItem.Filename,bluray) | String.Contains(ListItem.Filename,blu-ray) | String.Contains(ListItem.Filename,bdrip) | String.Contains(ListItem.Filename,brrip)]">bluray</value>
        <value condition="String.Contains(ListItem.Filename,dvb)">dvb</value>
        <value condition="String.Contains(ListItem.Filename,web-dl)">web-dl</value>
        <value condition="String.Contains(ListItem.Filename,dvd) | String.IsEqual(ListItem.FileExtension,iso) | String.IsEqual(ListItem.FileExtension,ifo)">dvd</value>
        <value>$INFO[ListItem.VideoCodec]</value>
    </variable>
    <variable name="VideoSourceFlagVar">
        <value condition="[String.Contains(Player.Filenameandpath,PDTV) | String.Contains(Player.Filenameandpath,sdtv)]">sdtv</value>
        <value condition="String.Contains(Player.Filenameandpath,hdtv)">hdtv</value>
        <value condition="[String.Contains(Player.Filenameandpath,hddvd) | String.Contains(Player.Filenameandpath,hd-dvd)]">hddvd</value>
        <value condition="VideoPlayer.IsStereoscopic">bluray3d</value>
        <value condition="[String.Contains(Player.Filenameandpath,bluray) | String.Contains(Player.Filenameandpath,blu-ray) | String.Contains(Player.Filenameandpath,bdrip) | String.Contains(Player.Filenameandpath,brrip)]">bluray</value>
        <value condition="String.Contains(Player.Filenameandpath,dvb)">dvb</value>
        <value condition="String.Contains(Player.Filenameandpath,web-dl)">web-dl</value>
        <value condition="String.Contains(Player.Filenameandpath,dvd) | String.Contains(Player.Filenameandpath,.iso,Right) | String.Contains(Player.Filenameandpath,.ifo,Right)">dvd</value>
        <value>$INFO[VideoPlayer.VideoCodec]</value>
    </variable>
    <variable name="SeekLabelVar">
        <value condition="Player.Paused + !Player.Caching">$LOCALIZE[112]</value>
        <value condition="Player.Playing + !Player.Seeking + !Player.DisplayAfterSeek | [Player.Paused + !Player.Caching]">$INFO[System.Time]$INFO[Player.FinishTime, - ,]</value>
        <value condition="[Player.Paused + Player.Caching] + !Player.Seeking + !Player.DisplayAfterSeek">$INFO[Player.CacheLevel,$LOCALIZE[15107] ,%]</value>
        <value condition="!String.IsEmpty(Player.SeekStepSize) + ![Player.Forwarding | Player.Rewinding]">$LOCALIZE[31046] $INFO[Player.SeekStepSize]</value>
        <value condition="Player.DisplayAfterSeek + ![Player.Forwarding | Player.Rewinding]">$LOCALIZE[31046] $INFO[Player.SeekOffset]</value>
        <value condition="!Player.DisplayAfterSeek + Player.Seeking">$LOCALIZE[31046]</value>
    </variable>
    <variable name="MusicSeekLabelVar">
        <value condition="Player.Playing + !Player.Seeking + !Player.DisplayAfterSeek">$INFO[System.Time]</value>
        <value condition="Player.Paused + !Player.Caching">$LOCALIZE[112]</value>
        <value condition="!String.IsEmpty(Player.SeekStepSize) + ![Player.Forwarding | Player.Rewinding]">$LOCALIZE[31046] $INFO[Player.SeekStepSize]</value>
        <value condition="Player.DisplayAfterSeek + ![Player.Forwarding | Player.Rewinding]">$LOCALIZE[31046] $INFO[Player.SeekOffset]</value>
        <value condition="!Player.DisplayAfterSeek + Player.Seeking">$LOCALIZE[31046]</value>
    </variable>
    <variable name="VideoPlayerForwardRewindVar">
        <value condition="Player.Forwarding2x | Player.Rewinding2x">2x</value>
        <value condition="Player.Forwarding4x | Player.Rewinding4x">4x</value>
        <value condition="Player.Forwarding8x | Player.Rewinding8x">8x</value>
        <value condition="Player.Forwarding16x | Player.Rewinding16x">16x</value>
        <value condition="Player.Forwarding32x | Player.Rewinding32x">32x</value>
    </variable>
    <variable name="PlayerArtworkVar">
        <value condition="VideoPlayer.Content(episodes) + !String.IsEmpty(Player.Art(tvshow.thumb))">$INFO[Player.Art(tvshow.thumb)]</value>
        <value>$INFO[Player.Art(thumb)]</value>
    </variable>
    <variable name="PlayerTitleLabelVar">
        <value condition="Player.ChapterCount">$INFO[Player.Title]$INFO[player.chapter, • $LOCALIZE[21396] ]$INFO[player.chaptercount, / ,]</value>
        <value>$INFO[Player.Title]</value>
    </variable>
    <variable name="SkinSettingsDescriptionVar">
        <value condition="Control.HasFocus(100)">$LOCALIZE[31912]</value>
        <value condition="Control.HasFocus(102)">$LOCALIZE[31081]</value>
        <value condition="Control.HasFocus(300)">$LOCALIZE[31917]</value>
        <value condition="Control.HasFocus(301)">$LOCALIZE[31007]</value>
        <value condition="Control.HasFocus(303)">$LOCALIZE[31944]</value>
        <value condition="Control.HasFocus(304)">$LOCALIZE[31131]</value>
        <value condition="Control.HasFocus(306)">$LOCALIZE[31114]</value>
        <value condition="Control.HasFocus(601)">$LOCALIZE[31116]</value>
        <value condition="Control.HasFocus(602)">$LOCALIZE[31918]</value>
        <value condition="Control.HasFocus(603)">$LOCALIZE[31919]</value>
        <value condition="Control.HasFocus(605)">$LOCALIZE[31015]</value>
        <value condition="Control.HasFocus(607)">$LOCALIZE[31275]</value>
        <value condition="Control.HasFocus(9007)">$LOCALIZE[31183]</value>
    </variable>
    <variable name="RatingFlagVar">
        <value condition="String.Contains(ListItem.mpaa,US:G) | String.Contains(ListItem.mpaa,USA:G) | String.Contains(ListItem.mpaa,Rated G)">flags/mpaa/G.png</value>
        <value condition="String.Contains(ListItem.mpaa,PG-13)">flags/mpaa/PG-13.png</value>
        <value condition="String.Contains(ListItem.mpaa,Rated PG) | String.IsEqual(ListItem.Mpaa,PG)">flags/mpaa/PG.png</value>
        <value condition="String.Contains(ListItem.mpaa,US:R) | String.Contains(ListItem.mpaa,USA:R) | String.Contains(ListItem.mpaa,Rated R) | String.IsEqual(ListItem.mpaa,R)">flags/mpaa/R.png</value>
        <value condition="String.Contains(ListItem.mpaa,US:NC-17)| String.Contains(ListItem.mpaa,USA:NC-17)| String.Contains(ListItem.mpaa,Rated NC-17)">flags/mpaa/NC-17.png</value>
        <value condition="String.Contains(ListItem.mpaa,UK:U)">flags/mpaa/BBFC_U_Certificate_UK.png</value>
        <value condition="String.Contains(ListItem.mpaa,UK:PG)">flags/mpaa/BBFC_PG_Certificate_UK.png</value>
        <value condition="String.Contains(ListItem.mpaa,UK:12A)">flags/mpaa/BBFC_12A_Certificate_UK.png</value>
        <value condition="String.Contains(ListItem.mpaa,UK:12)">flags/mpaa/BBFC_12_Certificate_UK.png</value>
        <value condition="String.Contains(ListItem.mpaa,UK:15)">flags/mpaa/BBFC_15_Certificate_UK.png</value>
        <value condition="String.Contains(ListItem.mpaa,UK:18)">flags/mpaa/BBFC_18_Certificate_UK.png</value>
        <value condition="String.Contains(ListItem.mpaa,Germany:16) | String.Contains(ListItem.mpaa,ab 16) | String.IsEqual(ListItem.mpaa,16) | String.Contains(ListItem.mpaa,FSK 16) | String.Contains(ListItem.mpaa,Rated 16)">flags/mpaa/FSK-16.png</value>
        <value condition="String.Contains(ListItem.mpaa,Germany:6)| String.Contains(ListItem.mpaa,ab 6) | String.IsEqual(ListItem.mpaa,6) | String.Contains(ListItem.mpaa,FSK 16) | String.Contains(ListItem.mpaa,Rated 6)">flags/mpaa/FSK-6.png</value>
        <value condition="String.Contains(ListItem.mpaa,Germany:12) | String.Contains(ListItem.mpaa,ab 12) | String.IsEqual(ListItem.mpaa,12) | String.Contains(ListItem.mpaa,FSK 12) | String.Contains(ListItem.mpaa,Rated 12)">flags/mpaa/FSK-12.png</value>
        <value condition="String.Contains(ListItem.mpaa,Germany:18) | String.Contains(ListItem.mpaa,ab 18) | String.IsEqual(ListItem.mpaa,18) | String.Contains(ListItem.mpaa,FSK 18) | String.Contains(ListItem.mpaa,Rated 18)">flags/mpaa/FSK-18.png</value>
        <value condition="String.Contains(ListItem.mpaa,Germany)|String.Contains(ListItem.mpaa,FSK)| String.Contains(ListItem.mpaa,o.A)| String.Contains(ListItem.mpaa,Rated 0)">flags/mpaa/FSK-0.png</value>
        <value condition="String.Contains(ListItem.mpaa,besorolás alatt)">flags/mpaa/HU_BA.png</value>
        <value condition="String.Contains(ListItem.mpaa,korhatárra való tekintett nélkül megtekintetheto)">flags/mpaa/HU_KN.png</value>
        <value condition="String.Contains(ListItem.mpaa,12 éven aluliak számára a megtekintése nagykorú felügyelete mellett ajánlott)">flags/mpaa/HU_12.png</value>
        <value condition="String.Contains(ListItem.mpaa,16 éven aluliak számára nem ajánlott)">flags/mpaa/HU_16.png</value>
        <value condition="String.Contains(ListItem.mpaa,18 éven aluliak számára nem ajánlott)">flags/mpaa/HU_18.png</value>
        <value condition="String.Contains(ListItem.mpaa,France:U) | String.Contains(ListItem.mpaa,partir de 3 ans) | String.Contains(ListItem.mpaa,partir de 6 ans)">flags/mpaa/csaU.png</value>
        <value condition="String.Contains(ListItem.mpaa,France:-10) | String.Contains(ListItem.mpaa,Interdit aux moins de 10 ans) | String.Contains(ListItem.mpaa,des propos ou des images peuvent heurter)">flags/mpaa/csa10.png</value>
        <value condition="String.Contains(ListItem.mpaa,France:-12) | String.Contains(ListItem.mpaa,Interdit aux moins de 12 ans)">flags/mpaa/csa12.png</value>
        <value condition="String.Contains(ListItem.mpaa,France:-16) | String.Contains(ListItem.mpaa,Interdit aux moins de 16 ans)">flags/mpaa/csa16.png</value>
        <value condition="String.Contains(ListItem.mpaa,France:-18) | String.Contains(ListItem.mpaa,Interdit aux moins de 18 ans)">flags/mpaa/csa18.png</value>
        <value condition="String.Contains(ListItem.mpaa,전체)">flags/mpaa/KR_Certificate_All.png</value>
        <value condition="String.Contains(ListItem.mpaa,12세)">flags/mpaa/KR_Certificate_12.png</value>
        <value condition="String.Contains(ListItem.mpaa,15세)">flags/mpaa/KR_Certificate_15.png</value>
        <value condition="String.Contains(ListItem.mpaa,불가)">flags/mpaa/KR_Certificate_18.png</value>
        <value condition="String.Contains(ListItem.mpaa,제한)">flags/mpaa/KR_Certificate_R.png</value>
        <value condition="String.Contains(ListItem.mpaa,Brazil:Livre) | String.Contains(ListItem.mpaa,Livre)">flags/mpaa/MPAA_Brazil_Livre.png</value>
        <value condition="String.Contains(ListItem.mpaa,Brazil:10) | String.Contains(ListItem.mpaa,10 anos)">flags/mpaa/MPAA_Brazil_10.png</value>
        <value condition="String.Contains(ListItem.mpaa,Brazil:12) | String.Contains(ListItem.mpaa,12 anos)">flags/mpaa/MPAA_Brazil_12.png</value>
        <value condition="String.Contains(ListItem.mpaa,Brazil:14) | String.Contains(ListItem.mpaa,14 anos)">flags/mpaa/MPAA_Brazil_14.png</value>
        <value condition="String.Contains(ListItem.mpaa,Brazil:16) | String.Contains(ListItem.mpaa,16 anos)">flags/mpaa/MPAA_Brazil_16.png</value>
        <value condition="String.Contains(ListItem.mpaa,Brazil:18) | String.Contains(ListItem.mpaa,18 anos)">flags/mpaa/MPAA_Brazil_18.png</value>
        <value condition="String.Contains(ListItem.mpaa,Australia:)">$INFO[ListItem.MPAA,flags/mpaa/australia_,.png]</value>
        <value>$INFO[ListItem.MPAA,flags/mpaa/,.png]</value>
    </variable>
    <variable name="VideoRatingFlagVar">
        <value condition="String.Contains(VideoPlayer.mpaa,US:G) | String.Contains(VideoPlayer.mpaa,USA:G) | String.Contains(VideoPlayer.mpaa,Rated G)">flags/mpaa/G.png</value>
        <value condition="String.Contains(VideoPlayer.mpaa,PG-13)">flags/mpaa/PG-13.png</value>
        <value condition="String.Contains(VideoPlayer.mpaa,Rated PG) | String.IsEqual(VideoPlayer.Mpaa,PG)">flags/mpaa/PG.png</value>
        <value condition="String.Contains(VideoPlayer.mpaa,US:R) | String.Contains(VideoPlayer.mpaa,USA:R) | String.Contains(VideoPlayer.mpaa,Rated R) | String.IsEqual(VideoPlayer.mpaa,R)">flags/mpaa/R.png</value>
        <value condition="String.Contains(VideoPlayer.mpaa,US:NC-17)| String.Contains(VideoPlayer.mpaa,USA:NC-17)| String.Contains(VideoPlayer.mpaa,Rated NC-17)">flags/mpaa/NC-17.png</value>
        <value condition="String.Contains(VideoPlayer.mpaa,UK:U)">flags/mpaa/BBFC_U_Certificate_UK.png</value>
        <value condition="String.Contains(VideoPlayer.mpaa,UK:PG)">flags/mpaa/BBFC_PG_Certificate_UK.png</value>
        <value condition="String.Contains(VideoPlayer.mpaa,UK:12A)">flags/mpaa/BBFC_12A_Certificate_UK.png</value>
        <value condition="String.Contains(VideoPlayer.mpaa,UK:12)">flags/mpaa/BBFC_12_Certificate_UK.png</value>
        <value condition="String.Contains(VideoPlayer.mpaa,UK:15)">flags/mpaa/BBFC_15_Certificate_UK.png</value>
        <value condition="String.Contains(VideoPlayer.mpaa,UK:18)">flags/mpaa/BBFC_18_Certificate_UK.png</value>
        <value condition="String.Contains(VideoPlayer.mpaa,Germany:16) | String.Contains(VideoPlayer.mpaa,ab 16) | String.IsEqual(VideoPlayer.mpaa,16) | String.Contains(VideoPlayer.mpaa,FSK 16) | String.Contains(VideoPlayer.mpaa,Rated 16)">flags/mpaa/FSK-16.png</value>
        <value condition="String.Contains(VideoPlayer.mpaa,Germany:6)| String.Contains(VideoPlayer.mpaa,ab 6) | String.IsEqual(VideoPlayer.mpaa,6) | String.Contains(VideoPlayer.mpaa,FSK 16) | String.Contains(VideoPlayer.mpaa,Rated 6)">flags/mpaa/FSK-6.png</value>
        <value condition="String.Contains(VideoPlayer.mpaa,Germany:12) | String.Contains(VideoPlayer.mpaa,ab 12) | String.IsEqual(VideoPlayer.mpaa,12) | String.Contains(VideoPlayer.mpaa,FSK 12) | String.Contains(VideoPlayer.mpaa,Rated 12)">flags/mpaa/FSK-12.png</value>
        <value condition="String.Contains(VideoPlayer.mpaa,Germany:18) | String.Contains(VideoPlayer.mpaa,ab 18) | String.IsEqual(VideoPlayer.mpaa,18) | String.Contains(VideoPlayer.mpaa,FSK 18) | String.Contains(VideoPlayer.mpaa,Rated 18)">flags/mpaa/FSK-18.png</value>
        <value condition="String.Contains(VideoPlayer.mpaa,Germany)|String.Contains(VideoPlayer.mpaa,FSK)| String.Contains(VideoPlayer.mpaa,o.A)| String.Contains(VideoPlayer.mpaa,Rated 0)">flags/mpaa/FSK-0</value>
        <value condition="String.Contains(VideoPlayer.mpaa,besorolás alatt)">flags/mpaa/HU_BA.png</value>
        <value condition="String.Contains(VideoPlayer.mpaa,korhatárra való tekintett nélkül megtekintetheto)">flags/mpaa/HU_KN.png</value>
        <value condition="String.Contains(VideoPlayer.mpaa,12 éven aluliak számára a megtekintése nagykorú felügyelete mellett ajánlott)">flags/mpaa/HU_12.png</value>
        <value condition="String.Contains(VideoPlayer.mpaa,16 éven aluliak számára nem ajánlott)">flags/mpaa/HU_16.png</value>
        <value condition="String.Contains(VideoPlayer.mpaa,18 éven aluliak számára nem ajánlott)">flags/mpaa/HU_18.png</value>
        <value condition="String.Contains(VideoPlayer.mpaa,France:U) | String.Contains(VideoPlayer.mpaa,partir de 3 ans) | String.Contains(VideoPlayer.mpaa,partir de 6 ans)">flags/mpaa/csaU.png</value>
        <value condition="String.Contains(VideoPlayer.mpaa,France:-10) | String.Contains(VideoPlayer.mpaa,Interdit aux moins de 10 ans) | String.Contains(VideoPlayer.mpaa,des propos ou des images peuvent heurter)">flags/mpaa/csa10.png</value>
        <value condition="String.Contains(VideoPlayer.mpaa,France:-12) | String.Contains(VideoPlayer.mpaa,Interdit aux moins de 12 ans)">flags/mpaa/csa12.png</value>
        <value condition="String.Contains(VideoPlayer.mpaa,France:-16) | String.Contains(VideoPlayer.mpaa,Interdit aux moins de 16 ans)">flags/mpaa/csa16.png</value>
        <value condition="String.Contains(VideoPlayer.mpaa,France:-18) | String.Contains(VideoPlayer.mpaa,Interdit aux moins de 18 ans)">flags/mpaa/csa18.png</value>
        <value condition="String.Contains(VideoPlayer.mpaa,전체)">flags/mpaa/KR_Certificate_All.png</value>
        <value condition="String.Contains(VideoPlayer.mpaa,12세)">flags/mpaa/KR_Certificate_12.png</value>
        <value condition="String.Contains(VideoPlayer.mpaa,15세)">flags/mpaa/KR_Certificate_15.png</value>
        <value condition="String.Contains(VideoPlayer.mpaa,불가)">flags/mpaa/KR_Certificate_18.png</value>
        <value condition="String.Contains(VideoPlayer.mpaa,제한)">flags/mpaa/KR_Certificate_R.png</value>
        <value condition="String.Contains(VideoPlayer.mpaa,Brazil:Livre) | String.Contains(VideoPlayer.mpaa,Livre)">flags/mpaa/MPAA_Brazil_Livre.png</value>
        <value condition="String.Contains(VideoPlayer.mpaa,Brazil:10) | String.Contains(VideoPlayer.mpaa,10 anos)">flags/mpaa/MPAA_Brazil_10.png</value>
        <value condition="String.Contains(VideoPlayer.mpaa,Brazil:12) | String.Contains(VideoPlayer.mpaa,12 anos)">flags/mpaa/MPAA_Brazil_12.png</value>
        <value condition="String.Contains(VideoPlayer.mpaa,Brazil:14) | String.Contains(VideoPlayer.mpaa,14 anos)">flags/mpaa/MPAA_Brazil_14.png</value>
        <value condition="String.Contains(VideoPlayer.mpaa,Brazil:16) | String.Contains(VideoPlayer.mpaa,16 anos)">flags/mpaa/MPAA_Brazil_16.png</value>
        <value condition="String.Contains(VideoPlayer.mpaa,Brazil:18) | String.Contains(VideoPlayer.mpaa,18 anos)">flags/mpaa/MPAA_Brazil_18.png</value>
        <value>$INFO[VideoPlayer.MPAA,flags/mpaa/,.png]</value>
    </variable>
    <variable name="VizArtistInfoVar">
        <value condition="Skin.HasSetting(Enable.VizInfo)">$LOCALIZE[31106]</value>
        <value condition="Skin.HasSetting(Enable.VizPersistent)">$LOCALIZE[31107]</value>
        <value>$LOCALIZE[1223]</value>
    </variable>
    <variable name="HomeNowPlayingThumbVar">
        <value condition="![Player.Playing | Player.HasAudio | Player.HasVideo] + !String.IsEmpty(Window(weather).Property(Current.FanartCode))">$VAR[WeatherIconVar]$INFO[Window(weather).Property(Current.FanartCode),,.png]</value>
        <value condition="[VideoPlayer.Content(movies) | VideoPlayer.Content(musicvideos)] + !String.IsEmpty(Player.Art(poster))">$INFO[Player.Art(poster)]</value>
        <value condition="VideoPlayer.Content(episodes) + !String.IsEmpty(Player.Art(tvshow.poster))">$INFO[Player.Art(tvshow.poster)]</value>
        <value condition="VideoPlayer.Content(livetv) + !String.IsEmpty(VideoPlayer.Cover)">$INFO[VideoPlayer.Cover]</value>
        <value condition="VideoPlayer.Content(livetv) + !String.IsEmpty(Player.Art(thumb))">$INFO[Player.Art(thumb)]</value>
        <value condition="VideoPlayer.Content(livetv)">DefaultAddonPVRClient.png</value>
        <value condition="[Player.Playing | Player.HasVideo | Player.HasAudio] + !String.IsEmpty(Player.Art(thumb))">$INFO[Player.Art(thumb)]</value>
        <value condition="[Player.Playing | Player.HasVideo | Player.HasAudio] + String.IsEmpty(Player.Art(thumb))">DefaultVideo.png</value>
        <value condition="!String.IsEmpty(Weather.Plugin) + !Weather.IsFetched">DefaultAddonNone.png</value>
        <value>DefaultIconClock.png</value>
    </variable>
    <variable name="ColorRecordingVar">
        <value condition="PVR.IsRecordingPlayingChannel">ffff0000</value>
        <value condition="!PVR.IsRecordingPlayingChannel">maintext</value>
    </variable>
    <variable name="SortDirection">
        <value condition="Container.SortDirection(Ascending)">$LOCALIZE[31050]</value>
        <value condition="Container.SortDirection(Descending)">$LOCALIZE[31051]</value>
    </variable>
    <variable name="WeatherIconVar">
        <value condition="System.HasAddon(script.image.resource.select) + !String.IsEmpty(Skin.String(weathericons.path))">$INFO[Skin.String(weathericons.path)]</value>
        <value>resource://resource.images.weathericons.default/</value>
    </variable>
    <variable name="WidgetIconLabel">
        <value condition="!String.IsEmpty(Container(211).ListItem.Property(widgetIcon))">$INFO[Container(211).ListItem.Property(widgetIcon)]</value>
        <value>$LOCALIZE[21371]</value>
    </variable>
    <variable name="WidgetSortByLabel">
        <value condition="String.IsEqual(Container(211).ListItem.Property(widgetSortBy),date)">$LOCALIZE[552]</value>
        <value condition="String.IsEqual(Container(211).ListItem.Property(widgetSortBy),lastplayed)">$LOCALIZE[568]</value>
        <value condition="String.IsEqual(Container(211).ListItem.Property(widgetSortBy),lastused)">$LOCALIZE[12012]</value>
        <value condition="String.IsEqual(Container(211).ListItem.Property(widgetSortBy),sorttitle)">$LOCALIZE[551]</value>
        <value condition="String.IsEqual(Container(211).ListItem.Property(widgetSortBy),rating)">$LOCALIZE[563]</value>
        <value condition="String.IsEqual(Container(211).ListItem.Property(widgetSortBy),year)">$LOCALIZE[562]</value>
        <value>$LOCALIZE[16018]</value>
    </variable>
    <variable name="WidgetSortDirectionLabel">
        <value condition="String.IsEqual(Container(211).ListItem.Property(widgetSortDirection),ascending)">$LOCALIZE[584]</value>
        <value condition="String.IsEqual(Container(211).ListItem.Property(widgetSortDirection),descending)">$LOCALIZE[585]</value>
        <value>$LOCALIZE[16018]</value>
    </variable>
    <variable name="WidgetLimitLabel">
        <value condition="!String.IsEmpty(Container(211).ListItem.Property(widgetLimit))">$INFO[Container(211).ListItem.Property(widgetLimit)]</value>
        <value>$LOCALIZE[16018]</value>
    </variable>
    <variable name="WeatherFanartExtension">
        <value condition="Skin.HasSetting(weatherfanart.multi)">/</value>
        <value>.jpg</value>
    </variable>
    <variable name="ThumbViewImage">
        <value condition="Container.Content(studios)">$INFO[ListItem.Label,resource://resource.images.studios.squarehd/,.jpg]</value>
        <value condition="Container.Content(playlists)">DefaultPlaylist.png</value>
        <value condition="Container.Content(directors)">DefaultDirector.png</value>
        <value condition="Container.Content(years)">DefaultYear.png</value>
        <value condition="Window.IsActive(music) + Container.Content(genres)">DefaultMusicGenres.png</value>
        <value condition="Window.IsActive(videos) + Container.Content(genres)">$INFO[ListItem.Label,special://skin/extras/videogenre/,.png]</value>
        <value condition="Window.IsActive(videos) + Container.Content(countries) + System.HasAddon(resource.images.moviecountryicons.maps)">$INFO[ListItem.Label,resource://resource.images.moviecountryicons.maps/,.png]</value>
        <!--<value condition="Skin.HasSetting(Enable.ThumbnailFanart) + !String.IsEmpty(ListItem.Art(fanart)) + [Container.Content(movies) | Container.Content(tvshows) | Container.Content(seasons) | Container.Content(sets)]">$INFO[ListItem.Art(fanart)]</value>
        <value condition="Skin.HasSetting(Enable.ThumbnailLandscape) + !String.IsEmpty(ListItem.Art(landscape))">$INFO[ListItem.Art(landscape)]</value>
        <value condition="Skin.HasSetting(Enable.ThumbnailLogo) + !String.IsEmpty(ListItem.Art(clearlogo)) + [Container.Content(movies) | Container.Content(tvshows)]">$INFO[ListItem.Art(clearlogo)]</value>-->
        <value condition="!String.IsEmpty(ListItem.Thumb)">$INFO[ListItem.Thumb]</value>
        <value>$INFO[ListItem.Icon]</value>
    </variable>
    <variable name="ListIcon">
        <value condition="Container.Content(studios)">$INFO[ListItem.Label,resource://resource.images.studios.squarehd/,.jpg]</value>
        <value condition="Container.Content(playlists)">DefaultPlaylist.png</value>
        <value condition="Container.Content(directors)">DefaultDirector.png</value>
        <value condition="Container.Content(years)">DefaultYear.png</value>
        <value condition="Window.IsActive(music) + Container.Content(genres)">DefaultMusicGenres.png</value>
        <value condition="Window.IsActive(videos) + Container.Content(genres)">$INFO[ListItem.Label,special://skin/extras/videogenre/,.png]</value>
        <value condition="Window.IsActive(videos) + Container.Content(countries) + System.HasAddon(resource.images.moviecountryicons.maps)">$INFO[ListItem.Label,resource://resource.images.moviecountryicons.maps/,.png]</value>
        <value>$INFO[ListItem.Icon]</value>
    </variable>
    <variable name="AddonDisclaimer">
        <value condition="!String.IsEmpty(ListItem.AddonDisclaimer)">[COLOR highlight]$LOCALIZE[24052]: [/COLOR][CR]$INFO[ListItem.AddonDisclaimer]</value>
    </variable>
    <variable name="AddonNews">
        <value condition="!String.IsEmpty(ListItem.AddonNews)">[COLOR highlight]$LOCALIZE[24054]: [/COLOR][CR]$INFO[ListItem.AddonNews][CR]</value>
    </variable>
    <variable name="WidgetArt">
        <value condition="String.IsEqual(Container(9000).ListItem.Property(widget),myplaylists) + String.IsEqual(Container(9000).ListItem.Property(widgetIcon),$LOCALIZE[31005])">DefaultPlaylist.png</value>
        <value condition="String.IsEqual(Container(9000).ListItem.Property(widget),myplaylists)">DefaultFallbackPlaylist.png</value>
        <value condition="String.IsEqual(Container(9000).ListItem.Property(widgetIcon),$LOCALIZE[20021]) + String.Contains(Container(9000).ListItem.Property(widgetPath),advanced.emulator.launcher)">$INFO[ListItem.Thumb]</value>
        <value condition="String.IsEqual(Container(9000).ListItem.Property(widgetIcon),$LOCALIZE[20021]) + String.StartsWith(Container(9000).ListItem.Property(widgetPath),pvr)">$INFO[ListItem.ActualIcon]</value>
        <value condition="String.StartsWith(Container(9000).ListItem.Property(widgetPath),videodb://movies/genres/) | String.StartsWith(Container(9000).ListItem.Property(widgetPath),library://video/movies/genres.xml) | String.StartsWith(Container(9000).ListItem.Property(widgetPath),videodb://tvshows/genres/) | String.StartsWith(Container(9000).ListItem.Property(widgetPath),library://video/tvshows/genres.xml)">$INFO[ListItem.Label,special://skin/extras/videogenre/,.png]</value>
        <value condition="System.HasAddon(resource.images.moviecountryicons.maps) + [String.StartsWith(Container(9000).ListItem.Property(widgetPath),videodb://movies/country/) | String.StartsWith(Container(9000).ListItem.Property(widgetPath),library://video/movies/country.xml) | String.StartsWith(Container(9000).ListItem.Property(widgetPath),videodb://tvshows/country/) | String.StartsWith(Container(9000).ListItem.Property(widgetPath),library://video/tvshows/country.xml)]">$INFO[ListItem.Label,resource://resource.images.moviecountryicons.maps/,.png]</value>
        <value condition="String.IsEqual(Container(9000).ListItem.Property(widgetIcon),$LOCALIZE[21371]) | String.IsEqual(Container(9000).ListItem.Property(widgetIcon),$LOCALIZE[31005]) | String.IsEmpty(Container(9000).ListItem.Property(widgetIcon))">$INFO[ListItem.Icon]</value>
        <value condition="String.IsEqual(Container(9000).ListItem.Property(widgetIcon),$LOCALIZE[20021]) + [String.IsEqual(Container(9000).ListItem.Property(widgetType),episodes) | String.IsEqual(Container(9000).ListItem.Property(widgetType),tvshows)] + !String.IsEmpty(ListItem.Art(tvshow.poster))">$INFO[ListItem.Art(tvshow.poster)]</value>
        <value condition="String.IsEqual(Container(9000).ListItem.Property(widgetIcon),$LOCALIZE[20021]) + !String.IsEmpty(ListItem.Art(poster))">$INFO[ListItem.Art(poster)]</value>
        <value condition="String.IsEqual(Container(9000).ListItem.Property(widgetIcon),$LOCALIZE[20021]) + String.IsEmpty(ListItem.Art(thumb))">DefaultFallbackMovies.png</value>
        <value condition="String.IsEqual(Container(9000).ListItem.Property(widgetIcon),$LOCALIZE[20445]) + !String.IsEmpty(ListItem.Art(fanart))">$INFO[ListItem.Art(fanart)]</value>
        <value condition="String.IsEqual(Container(9000).ListItem.Property(widgetIcon),$LOCALIZE[31100]) + !String.IsEmpty(ListItem.Art(landscape))">$INFO[ListItem.Art(landscape)]</value>
        <value condition="String.IsEqual(Container(9000).ListItem.Property(widgetIcon),$LOCALIZE[31088]) + !String.IsEmpty(ListItem.Art(clearlogo))">$INFO[ListItem.Art(clearlogo)]</value>
        <value condition="!String.IsEmpty(ListItem.Art(landscape))">$INFO[ListItem.Art(landscape)]</value>
        <value condition="!String.IsEmpty(ListItem.Art(fanart))">$INFO[ListItem.Art(fanart)]</value>
        <value condition="!String.IsEmpty(ListItem.Art(clearlogo))">$INFO[ListItem.Art(clearlogo)]</value>
        <value condition="!String.IsEmpty(ListItem.Art(thumb))">$INFO[ListItem.Art(thumb)]</value>
        <value>$INFO[ListItem.Icon]</value>
    </variable>
    <variable name="MusicInfoDescription">
        <value condition="String.IsEqual(ListItem.DBTYPE,artist) + !String.IsEmpty(ListItem.Property(Artist_Description))">$INFO[ListItem.Property(Artist_Description)]</value>
        <value condition="[String.IsEqual(ListItem.DBTYPE,album) | String.IsEqual(ListItem.DBTYPE,song)] + !String.IsEmpty(ListItem.Property(Album_Description))">$INFO[ListItem.Property(Album_Description)]</value>
        <value condition="String.IsEqual(ListItem.DBTYPE,artist) + String.IsEmpty(ListItem.Property(Artist_Description))">$LOCALIZE[547]</value>
        <value condition="[String.IsEqual(ListItem.DBTYPE,album) | String.IsEqual(ListItem.DBTYPE,song)] + String.IsEmpty(ListItem.Property(Album_Description))">$LOCALIZE[414]</value>
        <value>$LOCALIZE[547]</value>
    </variable>
    <!--variable name="MusicInfoYoutubePath">
        <value condition="String.IsEqual(ListItem.DBTYPE,artist)">plugin://script.extendedinfo?info=youtubesearchvideos&amp;&amp;id=$INFO[ListItem.Artist] $LOCALIZE[2]</value>
        <value condition="String.IsEqual(ListItem.DBTYPE,album)">plugin://script.extendedinfo?info=youtubesearchvideos&amp;&amp;id=$INFO[ListItem.Artist] $INFO[ListItem.Label] $LOCALIZE[558]</value>
        <value condition="String.IsEqual(ListItem.DBTYPE,song)">plugin://script.extendedinfo?info=youtubesearchvideos&amp;&amp;id=$INFO[ListItem.Artist] $INFO[ListItem.Title]</value>
    </variable-->
    <!--variable name="VideoInfoYoutubePath">
        <value condition="String.IsEqual(ListItem.DBTYPE,movie)">plugin://script.extendedinfo?info=youtubesearchvideos&amp;&amp;id=$INFO[ListItem.Title] $LOCALIZE[20338] $LOCALIZE[20410]</value>
        <value condition="String.IsEqual(ListItem.DBTYPE,tvshow)">plugin://script.extendedinfo?info=youtubesearchvideos&amp;&amp;id=$INFO[ListItem.Title] $LOCALIZE[20364]</value>
        <value condition="String.IsEqual(ListItem.DBTYPE,episode)">plugin://script.extendedinfo?info=youtubesearchvideos&amp;&amp;id=$INFO[ListItem.TVShowTitle] $LOCALIZE[20364]</value>
        <value>plugin://script.extendedinfo?info=youtubesearchvideos&amp;&amp;id=$ESCINFO[ListItem.Label]</value>
    </variable-->
    <variable name="WidgetThumbnailLabel">
        <value condition="String.Contains(Container(9000).ListItem.Property(widgetPath),recentlyaddedepisodes)">$INFO[ListItem.Season,,x]$INFO[ListItem.Episode,,. ]$INFO[ListItem.Title]</value>
        <value condition="!String.IsEmpty(ListItem.Title)">$INFO[ListItem.Title]</value>
        <value>$INFO[ListItem.Label]</value>
    </variable>
    <variable name="AdvancedLauncherPlotVar">
        <value condition="!String.IsEmpty(ListItem.Plot)">$INFO[ListItem.Plot]</value>
        <value>$LOCALIZE[15063].</value>
    </variable>
    <variable name="VolumeIconVar">
        <value condition="Integer.IsGreater(Control.GetLabel(29999),66)">k</value>
        <value condition="Integer.IsGreater(Control.GetLabel(29999),33)">l</value>
        <value condition="player.passthrough">w</value>
        <value condition="Player.Muted">m</value>
        <value>v</value>
    </variable>
    <variable name="videohwdecoder">
        <value condition="Player.Process(videohwdecoder)">$LOCALIZE[31257]</value>
        <value>$LOCALIZE[31258]</value>
    </variable>
    <variable name="ProfileIconVar">
        <value condition="String.IsEqual(ListItem.Label,$LOCALIZE[20058])">DefaultAddonSource.png</value>
        <value>$INFO[ListItem.Icon]</value>
    </variable>
    <variable name="HomeEmptyLibrary">
        <value condition="String.IsEqual(Container(9000).ListItem.Property(defaultID),movies) + !Library.HasContent(Movies)">$LOCALIZE[31273]</value>
        <value condition="String.IsEqual(Container(9000).ListItem.Property(defaultID),tvshows) + !Library.HasContent(TVShows)">$LOCALIZE[31273]</value>
        <value condition="String.IsEqual(Container(9000).ListItem.Property(defaultID),music) + !Library.HasContent(Music)">$LOCALIZE[31273]</value>
        <value condition="String.IsEqual(Container(9000).ListItem.Property(defaultID),musicvideos) + !Library.HasContent(MusicVideos)">$LOCALIZE[31273]</value>
        <!--<value condition="String.IsEqual(Container(9000).ListItem.Property(defaultID),favorites) + !Integer.IsGreater(Window(favourites).Container(450).NumItems,0)">No favourites found. You can add any item from media views to this list by using the context menu.</value>-->
        <value condition="String.IsEqual(Container(9000).ListItem.Property(defaultID),weather) + IsEmpty(Weather.Plugin)">$LOCALIZE[31274]</value>
    </variable>
    <variable name="CommonBackgroundOverlay">
        <value condition="!String.IsEmpty(Skin.String(CustomOverlay))">$INFO[Skin.String(CustomOverlay)]</value>
        <value>background.png</value>
    </variable>
    <variable name="MusicVizBackground">
        <value condition="String.IsEqual(Skin.String(musicvis.background),fanart) + !Skin.HasSetting(HideVisualizationFanart)">$INFO[Player.Art(fanart)]</value>
    </variable>
    <variable name="ListRightLabel">
        <value condition="Container.Content(tvshows) | Window.IsActive(videoplaylist)">$INFO[ListItem.Rating]</value>
        <value condition="!Container.Content(albums) + !String.IsEmpty(ListItem.Label2)">$INFO[ListItem.Label2]</value>
    </variable>
    <variable name="WidgetListMainLabel">
        <value condition="String.StartsWith(Container(9000).ListItem.Property(widgetPath),pvr)">$INFO[ListItem.Label2]</value>
        <value condition="!String.IsEmpty(ListItem.Label)">$INFO[ListItem.Label]</value>
    </variable>
    <variable name="WidgetListSubLabel">
        <value condition="String.IsEqual(Container(9000).ListItem.Property(widgetType),movies) | String.IsEqual(Container(9000).ListItem.Property(widgetType),tvshows) | String.StartsWith(Container(9000).ListItem.Property(widgetPath),plugin://plugin.program.advanced.emulator.launcher)">$INFO[ListItem.Genre]</value>
        <value condition="String.IsEqual(Container(9000).ListItem.Property(widgetType),episodes)">$INFO[ListItem.TVShowTitle]</value>
        <value condition="String.IsEqual(Container(9000).ListItem.Property(widgetType),albums) | String.IsEqual(Container(9000).ListItem.Property(widgetType),songs) | String.IsEqual(Container(9000).ListItem.Property(widgetType),musicvideos)">$INFO[ListItem.Artist]</value>
        <value condition="String.StartsWith(Container(9000).ListItem.Property(widgetPath),pvr)">$INFO[ListItem.ChannelNumberLabel,,. ]$INFO[ListItem.Label]</value>
        <value condition="String.StartsWith(Container(9000).ListItem.Property(widgetPath),addons) + !String.IsEmpty(ListItem.AddonSummary)">$INFO[ListItem.AddonSummary]</value>
    </variable>
    <variable name="OSVar">
        <value condition="System.Platform.Windows">special://skin/extras/icons/windows.png</value>
        <value condition="System.Platform.Android">special://skin/extras/icons/android.png</value>
        <value condition="System.Platform.Linux | System.Platform.Linux.RaspberryPi">special://skin/extras/icons/linux.png</value>
        <value>special://skin/extras/icons/apple.png</value>
    </variable>
    <variable name="Col_lyr1">
        <value condition="String.EndsWith(Container(110).Currentitem,1)">ffffea4f</value>
        <value condition="String.EndsWith(Container(110).Currentitem,2)">ffff4d99</value>
        <value condition="String.EndsWith(Container(110).Currentitem,3)">ffff8554</value>
        <value condition="String.EndsWith(Container(110).Currentitem,4)">ff4a7eb8</value>
        <value condition="String.EndsWith(Container(110).Currentitem,5)">ffFF5354</value>
        <value condition="String.EndsWith(Container(110).Currentitem,6)">ff46e046</value>
        <value condition="String.EndsWith(Container(110).Currentitem,7)">ffFFEA4F</value>
        <value condition="String.EndsWith(Container(110).Currentitem,8)">ffFF4D99</value>
        <value condition="String.EndsWith(Container(110).Currentitem,9)">ffFF8655</value>
        <value>ff4A7EB8</value>
    </variable>
    <variable name="Col_lyr2">
        <value condition="String.EndsWith(Container(110).Currentitem,1)">ff46e046</value>
        <value condition="String.EndsWith(Container(110).Currentitem,2)">ffffea4f</value>
        <value condition="String.EndsWith(Container(110).Currentitem,3)">ff46e046</value>
        <value condition="String.EndsWith(Container(110).Currentitem,4)">ffFF8655</value>
        <value condition="String.EndsWith(Container(110).Currentitem,5)">ff46E046</value>
        <value condition="String.EndsWith(Container(110).Currentitem,6)">ffffea4f</value>
        <value condition="String.EndsWith(Container(110).Currentitem,7)">ffFF8655</value>
        <value condition="String.EndsWith(Container(110).Currentitem,8)">ff46E046</value>
        <value condition="String.EndsWith(Container(110).Currentitem,9)">ffFFEA4F</value>
        <value>ffFF5354</value>
    </variable>
    <variable name="Col_lyr3">
        <value condition="String.EndsWith(Container(110).Currentitem,1)">ff4a7eb8</value>
        <value condition="String.EndsWith(Container(110).Currentitem,2)">ff4a80b9</value>
        <value condition="String.EndsWith(Container(110).Currentitem,3)">ffff4d99</value>
        <value condition="String.EndsWith(Container(110).Currentitem,4)">ffFF4D99</value>
        <value condition="String.EndsWith(Container(110).Currentitem,5)">ffFF8655</value>
        <value condition="String.EndsWith(Container(110).Currentitem,6)">ffff4d99</value>
        <value condition="String.EndsWith(Container(110).Currentitem,7)">ffFF5354</value>
        <value condition="String.EndsWith(Container(110).Currentitem,8)">ff4A7EB8</value>
        <value condition="String.EndsWith(Container(110).Currentitem,9)">ff46E046</value>
        <value>ffFFEA4F</value>
    </variable>
    <variable name="Col_lyr4">
        <value>fffffaf0</value>
    </variable>
    <variable name="AddonInfoTip">
        <value condition="Container(9000).HasFocus(200)">$LOCALIZE[24038]</value>
        <value condition="Container(9000).HasFocus(201)">$LOCALIZE[24020]</value>
        <value condition="Container(9000).HasFocus(202)">$LOCALIZE[21479]</value>
        <value condition="Container(9000).HasFocus(203)">$LOCALIZE[31020]</value>
        <value condition="Container(9000).HasFocus(204)">$LOCALIZE[24069]</value>
        <value condition="Container(9000).HasFocus(205)">$LOCALIZE[24022]</value>
        <value condition="Container(9000).HasFocus(206)">$LOCALIZE[24021]</value>
        <value condition="Container(9000).HasFocus(207)">$LOCALIZE[24037]</value>
        <value condition="Container(9000).HasFocus(208)">$LOCALIZE[31001]</value>
        <value condition="Container(9000).HasFocus(209)">$LOCALIZE[31000]</value>
    </variable>
</includes>
