<?xml version="1.0" encoding="UTF-8"?>
<addon
  id="skin.omni110"
  version="1.0.10"
  name="Omni110"
  provider-name="braz, DaedalusBLN, Noble">
	<requires>
		<import addon="xbmc.gui" version="5.14.0"/>
		<import addon="resource.images.studios.white" version="0.0.4"/>
		<import addon="script.skinshortcuts" version="0.6.6"/>
		<import addon="script.toolbox" version="1.0.0"/>
	</requires>
	<extension
	  point="xbmc.gui.skin"
	  debugging="false"
	  effectslowdown="0.75">
		<res width="1920" height="1080" aspect="16:9" default="true" folder="xml" />
	</extension>
	<extension point="xbmc.addon.metadata">
		<summary lang="en_GB">Omni202, based on Omni v2.0.2 by braz</summary>
		<summary lang="en_US">Omni202, based on Omni v2.0.2 by braz</summary>
		<description lang="en_GB">A Kodi skin with an omnipresent customizable menu.</description>
		<description lang="en_US">A Kodi skin with an omnipresent customizable menu.</description>
		<platform>all</platform>
		<license>CC BY-NC-SA 4.0</license>
		<forum></forum>
		<website></website>
		<email></email>
		<source>https://github.com/nobossage/repo/raw/main</source>
		<assets>
			<icon>resources/icon.png</icon>
			<fanart>resources/fanart.jpg</fanart>
			<screenshot>resources/screenshot-01.jpg</screenshot>
			<screenshot>resources/screenshot-02.jpg</screenshot>
			<screenshot>resources/screenshot-03.jpg</screenshot>
			<screenshot>resources/screenshot-04.jpg</screenshot>
			<screenshot>resources/screenshot-05.jpg</screenshot>
			<screenshot>resources/screenshot-06.jpg</screenshot>
			<screenshot>resources/screenshot-07.jpg</screenshot>
			<screenshot>resources/screenshot-08.jpg</screenshot>
			<screenshot>resources/screenshot-09.jpg</screenshot>
			<screenshot>resources/screenshot-10.jpg</screenshot>
		</assets>
		<news></news>
	</extension>
</addon>
