<?xml version="1.0" encoding="UTF-8"?>
<includes>
    <!-- List -->
    <include name="View_50_List">
        <control type="group">
            <visible>Control.IsVisible(50) + !$EXP[isInfoDialog]</visible>
            <include>Animation.Common</include>
            <control type="group">
                <left>90</left>
                <top>-30</top>
                <animation effect="slide" start="0,0" end="0,15" time="0" tween="cubic" easing="inout" condition="Window.IsActive(addonbrowser) | Window.IsActive(programs) | $EXP[PluginAdvancedLauncher]">Conditional</animation>
                <control type="group">
                    <visible>Integer.IsGreater(Container(50).NumItems,0) + !Skin.HasSetting(Enable.SlimList) + !Skin.HasSetting(Enable.WideList) + !Skin.HasSetting(Enable.2ColumnList)</visible>
                    <control type="image">
                        <top>195</top>
                        <width>1150</width>
                        <height>120</height>
                        <visible>Control.HasFocus(50)</visible>
                        <animation effect="fade" time="320" delay="200">Visible</animation>
                        <animation effect="fade" time="50">Hidden</animation>
                        <texture colordiffuse="highlight" border="5">listselect_fo.png</texture>
                        <animation effect="slide" end="0,120" time="300" tween="cubic" easing="inout" condition="Integer.IsGreater(Container(50).Row,5)">Conditional</animation>
                        <animation effect="slide" end="0,120" time="300" tween="cubic" easing="inout" condition="Integer.IsGreater(Container(50).Row,4)">Conditional</animation>
                        <animation effect="slide" end="0,120" time="300" tween="cubic" easing="inout" condition="Integer.IsGreater(Container(50).Row,3)">Conditional</animation>
                        <animation effect="slide" end="0,120" time="300" tween="cubic" easing="inout" condition="Integer.IsGreater(Container(50).Row,2)">Conditional</animation>
                        <animation effect="slide" end="0,120" time="300" tween="cubic" easing="inout" condition="Integer.IsGreater(Container(50).Row,1)">Conditional</animation>
                        <animation effect="slide" end="0,120" time="300" tween="cubic" easing="inout" condition="Integer.IsGreater(Container(50).Row,0)">Conditional</animation>
                    </control>
                </control>
                <control type="group">
                    <visible>Integer.IsGreater(Container(50).NumItems,0) + Skin.HasSetting(Enable.2ColumnList) + !Skin.HasSetting(Enable.SlimList)</visible>
                    <control type="image">
                        <top>195</top>
                        <width>870</width>
                        <height>120</height>
                        <visible>Control.HasFocus(50)</visible>
                        <animation effect="fade" time="320" delay="200">Visible</animation>
                        <animation effect="fade" time="50">Hidden</animation>
                        <texture colordiffuse="highlight" border="5">listselect_fo.png</texture>
                        <animation effect="slide" end="870,0" time="300" tween="cubic" easing="inout" condition="Integer.IsGreater(Container(50).Column,0)">Conditional</animation>
                        <animation effect="slide" end="0,120" time="300" tween="cubic" easing="inout" condition="Integer.IsGreater(Container(50).Row,5)">Conditional</animation>
                        <animation effect="slide" end="0,120" time="300" tween="cubic" easing="inout" condition="Integer.IsGreater(Container(50).Row,4)">Conditional</animation>
                        <animation effect="slide" end="0,120" time="300" tween="cubic" easing="inout" condition="Integer.IsGreater(Container(50).Row,3)">Conditional</animation>
                        <animation effect="slide" end="0,120" time="300" tween="cubic" easing="inout" condition="Integer.IsGreater(Container(50).Row,2)">Conditional</animation>
                        <animation effect="slide" end="0,120" time="300" tween="cubic" easing="inout" condition="Integer.IsGreater(Container(50).Row,1)">Conditional</animation>
                        <animation effect="slide" end="0,120" time="300" tween="cubic" easing="inout" condition="Integer.IsGreater(Container(50).Row,0)">Conditional</animation>
                    </control>
                </control>
                <control type="group">
                    <visible>Integer.IsGreater(Container(50).NumItems,0) + !Skin.HasSetting(Enable.SlimList) + Skin.HasSetting(Enable.WideList) + !Skin.HasSetting(Enable.2ColumnList)</visible>
                    <control type="image">
                        <top>195</top>
                        <width>1740</width>
                        <height>120</height>
                        <visible>Control.HasFocus(50)</visible>
                        <animation effect="fade" time="320" delay="200">Visible</animation>
                        <animation effect="fade" time="50">Hidden</animation>
                        <texture colordiffuse="highlight" border="5">listselect_fo.png</texture>
                        <animation effect="slide" end="0,120" time="300" tween="cubic" easing="inout" condition="Integer.IsGreater(Container(50).Row,5)">Conditional</animation>
                        <animation effect="slide" end="0,120" time="300" tween="cubic" easing="inout" condition="Integer.IsGreater(Container(50).Row,4)">Conditional</animation>
                        <animation effect="slide" end="0,120" time="300" tween="cubic" easing="inout" condition="Integer.IsGreater(Container(50).Row,3)">Conditional</animation>
                        <animation effect="slide" end="0,120" time="300" tween="cubic" easing="inout" condition="Integer.IsGreater(Container(50).Row,2)">Conditional</animation>
                        <animation effect="slide" end="0,120" time="300" tween="cubic" easing="inout" condition="Integer.IsGreater(Container(50).Row,1)">Conditional</animation>
                        <animation effect="slide" end="0,120" time="300" tween="cubic" easing="inout" condition="Integer.IsGreater(Container(50).Row,0)">Conditional</animation>
                    </control>
                </control>
                <control type="group">
                    <visible>Integer.IsGreater(Container(50).NumItems,0) + Skin.HasSetting(Enable.SlimList) + !Skin.HasSetting(Enable.WideList) + !Skin.HasSetting(Enable.2ColumnList)</visible>
                    <control type="image">
                        <top>195</top>
                        <width>1150</width>
                        <height>60</height>
                        <visible>Control.HasFocus(50)</visible>
                        <animation effect="fade" time="320" delay="200">Visible</animation>
                        <animation effect="fade" time="50">Hidden</animation>
                        <texture colordiffuse="highlight" border="5">listselect_fo.png</texture>
                        <animation effect="slide" end="0,60" time="300" tween="cubic" easing="inout" condition="Integer.IsGreater(Container(50).Row,12)">Conditional</animation>
                        <animation effect="slide" end="0,60" time="300" tween="cubic" easing="inout" condition="Integer.IsGreater(Container(50).Row,11)">Conditional</animation>
                        <animation effect="slide" end="0,60" time="300" tween="cubic" easing="inout" condition="Integer.IsGreater(Container(50).Row,10)">Conditional</animation>
                        <animation effect="slide" end="0,60" time="300" tween="cubic" easing="inout" condition="Integer.IsGreater(Container(50).Row,9)">Conditional</animation>
                        <animation effect="slide" end="0,60" time="300" tween="cubic" easing="inout" condition="Integer.IsGreater(Container(50).Row,8)">Conditional</animation>
                        <animation effect="slide" end="0,60" time="300" tween="cubic" easing="inout" condition="Integer.IsGreater(Container(50).Row,7)">Conditional</animation>
                        <animation effect="slide" end="0,60" time="300" tween="cubic" easing="inout" condition="Integer.IsGreater(Container(50).Row,6)">Conditional</animation>
                        <animation effect="slide" end="0,60" time="300" tween="cubic" easing="inout" condition="Integer.IsGreater(Container(50).Row,5)">Conditional</animation>
                        <animation effect="slide" end="0,60" time="300" tween="cubic" easing="inout" condition="Integer.IsGreater(Container(50).Row,4)">Conditional</animation>
                        <animation effect="slide" end="0,60" time="300" tween="cubic" easing="inout" condition="Integer.IsGreater(Container(50).Row,3)">Conditional</animation>
                        <animation effect="slide" end="0,60" time="300" tween="cubic" easing="inout" condition="Integer.IsGreater(Container(50).Row,2)">Conditional</animation>
                        <animation effect="slide" end="0,60" time="300" tween="cubic" easing="inout" condition="Integer.IsGreater(Container(50).Row,1)">Conditional</animation>
                        <animation effect="slide" end="0,60" time="300" tween="cubic" easing="inout" condition="Integer.IsGreater(Container(50).Row,0)">Conditional</animation>
                    </control>
                </control>
                <control type="group">
                    <visible>Integer.IsGreater(Container(50).NumItems,0) + Skin.HasSetting(Enable.SlimList) + Skin.HasSetting(Enable.WideList) + !Skin.HasSetting(Enable.2ColumnList)</visible>
                    <control type="image">
                        <top>195</top>
                        <width>1740</width>
                        <height>60</height>
                        <visible>Control.HasFocus(50)</visible>
                        <animation effect="fade" time="320" delay="200">Visible</animation>
                        <animation effect="fade" time="50">Hidden</animation>
                        <texture colordiffuse="highlight" border="5">listselect_fo.png</texture>
                        <animation effect="slide" end="0,60" time="300" tween="cubic" easing="inout" condition="Integer.IsGreater(Container(50).Row,12)">Conditional</animation>
                        <animation effect="slide" end="0,60" time="300" tween="cubic" easing="inout" condition="Integer.IsGreater(Container(50).Row,11)">Conditional</animation>
                        <animation effect="slide" end="0,60" time="300" tween="cubic" easing="inout" condition="Integer.IsGreater(Container(50).Row,10)">Conditional</animation>
                        <animation effect="slide" end="0,60" time="300" tween="cubic" easing="inout" condition="Integer.IsGreater(Container(50).Row,9)">Conditional</animation>
                        <animation effect="slide" end="0,60" time="300" tween="cubic" easing="inout" condition="Integer.IsGreater(Container(50).Row,8)">Conditional</animation>
                        <animation effect="slide" end="0,60" time="300" tween="cubic" easing="inout" condition="Integer.IsGreater(Container(50).Row,7)">Conditional</animation>
                        <animation effect="slide" end="0,60" time="300" tween="cubic" easing="inout" condition="Integer.IsGreater(Container(50).Row,6)">Conditional</animation>
                        <animation effect="slide" end="0,60" time="300" tween="cubic" easing="inout" condition="Integer.IsGreater(Container(50).Row,5)">Conditional</animation>
                        <animation effect="slide" end="0,60" time="300" tween="cubic" easing="inout" condition="Integer.IsGreater(Container(50).Row,4)">Conditional</animation>
                        <animation effect="slide" end="0,60" time="300" tween="cubic" easing="inout" condition="Integer.IsGreater(Container(50).Row,3)">Conditional</animation>
                        <animation effect="slide" end="0,60" time="300" tween="cubic" easing="inout" condition="Integer.IsGreater(Container(50).Row,2)">Conditional</animation>
                        <animation effect="slide" end="0,60" time="300" tween="cubic" easing="inout" condition="Integer.IsGreater(Container(50).Row,1)">Conditional</animation>
                        <animation effect="slide" end="0,60" time="300" tween="cubic" easing="inout" condition="Integer.IsGreater(Container(50).Row,0)">Conditional</animation>
                    </control>
                </control>
                <control type="group">
                    <visible>Integer.IsGreater(Container(50).NumItems,0) + Skin.HasSetting(Enable.SlimList) + !Skin.HasSetting(Enable.WideList) + Skin.HasSetting(Enable.2ColumnList)</visible>
                    <control type="image">
                        <top>195</top>
                        <width>870</width>
                        <height>60</height>
                        <visible>Control.HasFocus(50)</visible>
                        <animation effect="fade" time="320" delay="200">Visible</animation>
                        <animation effect="fade" time="50">Hidden</animation>
                        <texture colordiffuse="highlight" border="5">listselect_fo.png</texture>
                        <animation effect="slide" end="870,0" time="300" tween="cubic" easing="inout" condition="Integer.IsGreater(Container(50).Column,0)">Conditional</animation>
                        <animation effect="slide" end="0,60" time="300" tween="cubic" easing="inout" condition="Integer.IsGreater(Container(50).Row,12)">Conditional</animation>
                        <animation effect="slide" end="0,60" time="300" tween="cubic" easing="inout" condition="Integer.IsGreater(Container(50).Row,11)">Conditional</animation>
                        <animation effect="slide" end="0,60" time="300" tween="cubic" easing="inout" condition="Integer.IsGreater(Container(50).Row,10)">Conditional</animation>
                        <animation effect="slide" end="0,60" time="300" tween="cubic" easing="inout" condition="Integer.IsGreater(Container(50).Row,9)">Conditional</animation>
                        <animation effect="slide" end="0,60" time="300" tween="cubic" easing="inout" condition="Integer.IsGreater(Container(50).Row,8)">Conditional</animation>
                        <animation effect="slide" end="0,60" time="300" tween="cubic" easing="inout" condition="Integer.IsGreater(Container(50).Row,7)">Conditional</animation>
                        <animation effect="slide" end="0,60" time="300" tween="cubic" easing="inout" condition="Integer.IsGreater(Container(50).Row,6)">Conditional</animation>
                        <animation effect="slide" end="0,60" time="300" tween="cubic" easing="inout" condition="Integer.IsGreater(Container(50).Row,5)">Conditional</animation>
                        <animation effect="slide" end="0,60" time="300" tween="cubic" easing="inout" condition="Integer.IsGreater(Container(50).Row,4)">Conditional</animation>
                        <animation effect="slide" end="0,60" time="300" tween="cubic" easing="inout" condition="Integer.IsGreater(Container(50).Row,3)">Conditional</animation>
                        <animation effect="slide" end="0,60" time="300" tween="cubic" easing="inout" condition="Integer.IsGreater(Container(50).Row,2)">Conditional</animation>
                        <animation effect="slide" end="0,60" time="300" tween="cubic" easing="inout" condition="Integer.IsGreater(Container(50).Row,1)">Conditional</animation>
                        <animation effect="slide" end="0,60" time="300" tween="cubic" easing="inout" condition="Integer.IsGreater(Container(50).Row,0)">Conditional</animation>
                    </control>
                </control>
                <control type="panel" id="50">
                    <left>0</left>
                    <top>195</top>
                    <width>1740</width>
                    <height>840</height>
                    <onleft>SetProperty(MediaMenu,True,home)</onleft>
                    <onleft>SetFocus(9050)</onleft>
                    <onright condition="Container(50).HasNext | Container(50).HasPrevious">60</onright>
                    <onup>50</onup>
                    <ondown>50</ondown>
                    <oninfo condition="$EXP[PluginAdvancedLauncher] + System.HasAddon(script.toolbox)">RunScript(script.toolbox,info=textviewer,header='"$INFO[ListItem.Label]"',text='"$VAR[AdvancedLauncherPlotVar]"')</oninfo>
                    <oninfo condition="System.HasAddon(script.extendedinfo) + Container.Content(actors)">RunScript(script.extendedinfo,info=extendedactorinfo,name=$INFO[ListItem.Label])</oninfo>
                    <viewtype label="535">list</viewtype>
                    <pagecontrol>60</pagecontrol>
                    <preloaditems>2</preloaditems>
                    <scrolltime tween="quadratic" easing="out">200</scrolltime>
                    <itemlayout height="120" width="1150" condition="!Skin.HasSetting(Enable.2ColumnList) + !Skin.HasSetting(Enable.SlimList) + !Skin.HasSetting(Enable.WideList)">
                        <control type="image">
                            <visible>!$EXP[isMovie] + !String.IsEqual(Container.SortMethod,$LOCALIZE[13409]) + !Container.Content(addons)</visible>
                            <left>10</left>
                            <top>10</top>
                            <width>100</width>
                            <height>100</height>
                            <aspectratio scalediffuse="false">keep</aspectratio>
                            <texture background="true" diffuse="diffuse/list-icon.png" fallback="DefaultFolder.png">$VAR[ListIcon]</texture>
                        </control>
                        <!--  My edit -->
                        <control type="image">
                            <visible>[[$EXP[isMovie] | $EXP[isTvshow] | $EXP[isSeason] ]  + !Container.Content(actors)] + !String.StartsWith(ListItem.Icon,Default)</visible>
                            <!--<visible>!String.IsEqual(Container.SortMethod,$LOCALIZE[13409]) + !Container.Content(addons)</visible> + !String.Contains(Container.FolderPath,plugin.video)-->
                            <left>10</left>
                            <top>10</top>
                            <width>100</width>
                            <height>100</height>
                            <aspectratio scalediffuse="false">keep</aspectratio>
                            <texture background="true" diffuse="diffuse/list-icon.png" fallback="DefaultFolder.png">$VAR[PosterVar]</texture>
                        </control>
                        <!-- для отображния обложки сериалов -->
                        <control type="image">
                            <visible>[$EXP[isTvshow] | $EXP[isSeason] ]</visible>
                            <left>10</left>
                            <top>10</top>
                            <width>100</width>
                            <height>100</height>
                            <aspectratio scalediffuse="false">keep</aspectratio>
                            <texture background="true" diffuse="diffuse/list-icon.png" fallback="DefaultFolder.png">$VAR[PosterVar]</texture>
                        </control>

                        <!-- Fix for default icons not showing up for addons that don't have one -->
                        <control type="image">
                            <visible>!String.IsEqual(Container.SortMethod,$LOCALIZE[13409]) + Container.Content(addons)</visible>
                            
                            <left>10</left>
                            <top>10</top>
                            <width>100</width>
                            <height>100</height>
                            <aspectratio scalediffuse="false">keep</aspectratio>
                            <texture background="true" diffuse="diffuse/list-icon.png">$VAR[PosterVar]</texture><!-- $INFO[ListItem.Icon] -->
                        </control> <!-- -->
                        <control type="label">
                            <visible>String.IsEqual(Container.SortMethod,$LOCALIZE[13409])</visible>
                            <left>10</left>
                            <top>10</top>
                            <width>100</width>
                            <height>100</height>
                            <font>font35_title</font>
                            <align>center</align>
                            <label>$INFO[ListItem.Top250]</label>
                        </control>
                        <control type="label">
                            <visible>ListItem.IsPlaying + !Player.Paused</visible>
                            <left>135</left>
                            <top>5</top>
                            <width>35</width>
                            <height>70</height>
                            <font>IconTiny</font>
                            <label>I</label>
                        </control>
                        <control type="label">
                            <visible>ListItem.IsPlaying + Player.Paused</visible>
                            <left>135</left>
                            <top>5</top>
                            <width>35</width>
                            <height>70</height>
                            <font>IconTiny</font>
                            <label>K</label>
                        </control>
                        <control type="label">
                            <left>135</left>
                            <top>3</top>
                            <right>80</right>
                            <height>70</height>
                            <font>font30</font>
                            <label>$VAR[ListMainLabelVar]</label>
                            <visible>!ListItem.IsPlaying</visible>
                        </control>
                        <control type="label">
                            <left>170</left>
                            <top>3</top>
                            <right>80</right>
                            <height>70</height>
                            <font>font30</font>
                            <label>$VAR[ListMainLabelVar]</label>
                            <visible>ListItem.IsPlaying</visible>
                        </control>
                        <control type="label">
                            <left>135</left>
                            <top>52</top>
                            <right>80</right>
                            <height>60</height>
                            <label>$VAR[ListSubLabelVar]</label>
                        </control>
                        <control type="label">
                            <right>80</right>
                            <height>116</height>
                            <font>font15</font>
                            <align>right</align>
                            <label>$VAR[ListRightLabel]</label>
                            <animation effect="slide" time="0" end="60" condition="Container.Content(addons) | Container.Content(songs)">Conditional</animation>
                        </control>
                        <include content="OverlayList">
                            <param name="OverlayListLeft" value="1081" />
                            <param name="OverlayListTop" value="27" />
                        </include>
                    </itemlayout>
                    <focusedlayout height="120" width="1150" condition="!Skin.HasSetting(Enable.2ColumnList) + !Skin.HasSetting(Enable.SlimList) + !Skin.HasSetting(Enable.WideList)">
                        <control type="image">
                            <visible>!String.IsEqual(Container.SortMethod,$LOCALIZE[13409]) + !Container.Content(addons) + !$EXP[isMovie] </visible>
                            <left>10</left>
                            <top>10</top>
                            <width>100</width>
                            <height>100</height>
                            <aspectratio scalediffuse="false">keep</aspectratio>
                            <texture background="true" diffuse="diffuse/list-icon.png" fallback="DefaultFolder.png">$VAR[ListIcon]</texture>
                        </control>

                       <!-- my edit -->  
                        <control type="image">
                            <visible>[[$EXP[isMovie] | $EXP[isTvshow] | $EXP[isSeason] ]+ !Container.Content(actors)] + !String.StartsWith(ListItem.Icon,Default)</visible>
                            <!-- <visible>!String.IsEqual(Container.SortMethod,$LOCALIZE[13409]) + !Container.Content(addons)</visible> + !String.Contains(Container.FolderPath,plugin.video) -->
                            <left>10</left>
                            <top>10</top>
                            <width>100</width>
                            <height>100</height>
                            <aspectratio scalediffuse="false">keep</aspectratio>
                            <texture background="true" diffuse="diffuse/list-icon.png" fallback="DefaultFolder.png">$VAR[PosterVar]</texture>
                        </control>
                        <!-- для отображния обложки сериалов -->
                        <control type="image">
                            <visible>[$EXP[isTvshow] | $EXP[isSeason] ]</visible>
                            <left>10</left>
                            <top>10</top>
                            <width>100</width>
                            <height>100</height>
                            <aspectratio scalediffuse="false">keep</aspectratio>
                            <texture background="true" diffuse="diffuse/list-icon.png" fallback="DefaultFolder.png">$VAR[PosterVar]</texture>
                        </control>
                        <control type="image">
                            <visible>!String.IsEqual(Container.SortMethod,$LOCALIZE[13409]) + Container.Content(addons)</visible>
                            <left>10</left>
                            <top>10</top>
                            <width>100</width>
                            <height>100</height>
                            <aspectratio scalediffuse="false">keep</aspectratio>
                            <texture background="true" diffuse="diffuse/list-icon.png">$INFO[ListItem.Icon]</texture>
                        </control>
                        <control type="label">
                            <visible>String.IsEqual(Container.SortMethod,$LOCALIZE[13409])</visible>
                            <left>10</left>
                            <top>10</top>
                            <width>100</width>
                            <height>100</height>
                            <font>font35_title</font>
                            <align>center</align>
                            <label>$INFO[ListItem.Top250]</label>
                        </control>
                        <control type="label">
                            <visible>ListItem.IsPlaying + !Player.Paused</visible>
                            <left>135</left>
                            <top>5</top>
                            <width>35</width>
                            <height>70</height>
                            <font>IconTiny</font>
                            <label>I</label>
                        </control>
                        <control type="label">
                            <visible>ListItem.IsPlaying + Player.Paused</visible>
                            <left>135</left>
                            <top>5</top>
                            <width>35</width>
                            <height>70</height>
                            <font>IconTiny</font>
                            <label>K</label>
                        </control>
                        <control type="label">
                            <top>3</top>
                            <left>135</left>
                            <right>80</right>
                            <height>70</height>
                            <font>font30</font>
                            <label>$VAR[ListMainLabelVar]</label>
                            <visible>!ListItem.IsPlaying</visible>
                        </control>
                        <control type="label">
                            <top>3</top>
                            <left>170</left>
                            <right>80</right>
                            <height>70</height>
                            <font>font30</font>
                            <label>$VAR[ListMainLabelVar]</label>
                            <visible>ListItem.IsPlaying</visible>
                        </control>
                        <control type="label">
                            <left>135</left>
                            <top>52</top>
                            <right>80</right>
                            <height>60</height>
                            <label>$VAR[ListSubLabelVar]</label>
                        </control>
                        <control type="label">
                            <right>80</right>
                            <height>116</height>
                            <font>font15</font>
                            <align>right</align>
                            <label>$VAR[ListRightLabel]</label>
                            <animation effect="slide" time="0" end="60" condition="Container.Content(addons) | Container.Content(songs)">Conditional</animation>
                        </control>
                        <include content="OverlayList">
                            <param name="OverlayListLeft" value="1081" />
                            <param name="OverlayListTop" value="27" />
                        </include>
                    </focusedlayout>
                    <itemlayout height="120" width="1740" condition="!Skin.HasSetting(Enable.2ColumnList) + !Skin.HasSetting(Enable.SlimList) + Skin.HasSetting(Enable.WideList)">
                        <control type="image">
                            <visible>!String.IsEqual(Container.SortMethod,$LOCALIZE[13409]) + !Container.Content(addons)</visible>
                            <left>10</left>
                            <top>10</top>
                            <width>100</width>
                            <height>100</height>
                            <aspectratio scalediffuse="false">keep</aspectratio>
                            <texture background="true" diffuse="diffuse/list-icon.png">$VAR[ListIcon]</texture>
                        </control>
                        <control type="image">
                            <visible>!String.IsEqual(Container.SortMethod,$LOCALIZE[13409]) + Container.Content(addons)</visible>
                            <left>10</left>
                            <top>10</top>
                            <width>100</width>
                            <height>100</height>
                            <aspectratio scalediffuse="false">keep</aspectratio>
                            <texture background="true" diffuse="diffuse/list-icon.png">$INFO[ListItem.Icon]</texture>
                        </control>
                        <control type="label">
                            <visible>String.IsEqual(Container.SortMethod,$LOCALIZE[13409])</visible>
                            <left>10</left>
                            <top>10</top>
                            <width>100</width>
                            <height>100</height>
                            <font>font35_title</font>
                            <align>center</align>
                            <label>$INFO[ListItem.Top250]</label>
                        </control>
                        <control type="label">
                            <visible>ListItem.IsPlaying + !Player.Paused</visible>
                            <left>135</left>
                            <top>5</top>
                            <width>35</width>
                            <height>70</height>
                            <font>IconTiny</font>
                            <label>I</label>
                        </control>
                        <control type="label">
                            <visible>ListItem.IsPlaying + Player.Paused</visible>
                            <left>135</left>
                            <top>5</top>
                            <width>35</width>
                            <height>70</height>
                            <font>IconTiny</font>
                            <label>K</label>
                        </control>
                        <control type="label">
                            <left>135</left>
                            <top>3</top>
                            <right>80</right>
                            <height>70</height>
                            <font>font30</font>
                            <label>$VAR[ListMainLabelVar]</label>
                            <visible>!ListItem.IsPlaying</visible>
                        </control>
                        <control type="label">
                            <left>170</left>
                            <top>3</top>
                            <right>80</right>
                            <height>70</height>
                            <font>font30</font>
                            <label>$VAR[ListMainLabelVar]</label>
                            <visible>ListItem.IsPlaying</visible>
                        </control>
                        <control type="label">
                            <left>135</left>
                            <top>52</top>
                            <right>80</right>
                            <height>60</height>
                            <label>$VAR[ListSubLabelVar]</label>
                        </control>
                        <control type="label">
                            <right>80</right>
                            <height>116</height>
                            <font>font15</font>
                            <align>right</align>
                            <label>$VAR[ListRightLabel]</label>
                            <animation effect="slide" time="0" end="60" condition="Container.Content(addons) | Container.Content(songs)">Conditional</animation>
                        </control>
                        <include content="OverlayList">
                            <param name="OverlayListLeft" value="1671" />
                            <param name="OverlayListTop" value="28" />
                        </include>
                    </itemlayout>
                    <focusedlayout height="120" width="1740" condition="!Skin.HasSetting(Enable.2ColumnList) + !Skin.HasSetting(Enable.SlimList) + Skin.HasSetting(Enable.WideList)">
                        <control type="image">
                            <visible>!String.IsEqual(Container.SortMethod,$LOCALIZE[13409]) + !Container.Content(addons)</visible>
                            <left>10</left>
                            <top>10</top>
                            <width>100</width>
                            <height>100</height>
                            <aspectratio scalediffuse="false">keep</aspectratio>
                            <texture background="true" diffuse="diffuse/list-icon.png">$VAR[ListIcon]</texture>
                        </control>
                        <control type="image">
                            <visible>!String.IsEqual(Container.SortMethod,$LOCALIZE[13409]) + Container.Content(addons)</visible>
                            <left>10</left>
                            <top>10</top>
                            <width>100</width>
                            <height>100</height>
                            <aspectratio scalediffuse="false">keep</aspectratio>
                            <texture background="true" diffuse="diffuse/list-icon.png">$INFO[ListItem.Icon]</texture>
                        </control>
                        <control type="label">
                            <visible>String.IsEqual(Container.SortMethod,$LOCALIZE[13409])</visible>
                            <left>10</left>
                            <top>10</top>
                            <width>100</width>
                            <height>100</height>
                            <font>font35_title</font>
                            <align>center</align>
                            <label>$INFO[ListItem.Top250]</label>
                        </control>
                        <control type="label">
                            <visible>ListItem.IsPlaying + !Player.Paused</visible>
                            <left>135</left>
                            <top>5</top>
                            <width>35</width>
                            <height>70</height>
                            <font>IconTiny</font>
                            <label>I</label>
                        </control>
                        <control type="label">
                            <visible>ListItem.IsPlaying + Player.Paused</visible>
                            <left>135</left>
                            <top>5</top>
                            <width>35</width>
                            <height>70</height>
                            <font>IconTiny</font>
                            <label>K</label>
                        </control>
                        <control type="label">
                            <top>3</top>
                            <left>135</left>
                            <right>80</right>
                            <height>70</height>
                            <font>font30</font>
                            <label>$VAR[ListMainLabelVar]</label>
                            <visible>!ListItem.IsPlaying</visible>
                        </control>
                        <control type="label">
                            <top>3</top>
                            <left>170</left>
                            <right>80</right>
                            <height>70</height>
                            <font>font30</font>
                            <label>$VAR[ListMainLabelVar]</label>
                            <visible>ListItem.IsPlaying</visible>
                        </control>
                        <control type="label">
                            <left>135</left>
                            <top>52</top>
                            <right>80</right>
                            <height>60</height>
                            <label>$VAR[ListSubLabelVar]</label>
                        </control>
                        <control type="label">
                            <right>80</right>
                            <height>116</height>
                            <font>font15</font>
                            <align>right</align>
                            <label>$VAR[ListRightLabel]</label>
                            <animation effect="slide" time="0" end="60" condition="Container.Content(addons) | Container.Content(songs)">Conditional</animation>
                        </control>
                        <include content="OverlayList">
                            <param name="OverlayListLeft" value="1671" />
                            <param name="OverlayListTop" value="28" />
                        </include>
                    </focusedlayout>
                    <itemlayout height="60" width="1150" condition="!Skin.HasSetting(Enable.2ColumnList) + Skin.HasSetting(Enable.SlimList) + !Skin.HasSetting(Enable.WideList)">
                        <control type="label">
                            <visible>ListItem.IsPlaying + !Player.Paused</visible>
                            <left>20</left>
                            <width>35</width>
                            <height>60</height>
                            <font>IconTiny</font>
                            <label>I</label>
                        </control>
                        <control type="label">
                            <visible>ListItem.IsPlaying + Player.Paused</visible>
                            <left>20</left>
                            <width>35</width>
                            <height>60</height>
                            <font>IconTiny</font>
                            <label>K</label>
                        </control>
                        <control type="label">
                            <left>20</left>
                            <right>80</right>
                            <height>60</height>
                            <font>font15</font>
                            <label>$INFO[ListItem.Label]</label>
                            <visible>!ListItem.IsPlaying</visible>
                        </control>
                        <control type="label">
                            <left>55</left>
                            <right>80</right>
                            <height>60</height>
                            <font>font15</font>
                            <label>$INFO[ListItem.Label]</label>
                            <visible>ListItem.IsPlaying</visible>
                        </control>
                        <control type="label">
                            <right>80</right>
                            <height>60</height>
                            <font>font15</font>
                            <align>right</align>
                            <label>$VAR[ListRightLabel]</label>
                            <animation effect="slide" time="0" end="60" condition="Container.Content(addons) | Container.Content(songs)">Conditional</animation>
                        </control>
                        <include content="OverlayList">
                            <param name="OverlayListLeft" value="1081" />
                            <param name="OverlayListTop" value="0" />
                        </include>
                    </itemlayout>
                    <focusedlayout height="60" width="1150" condition="!Skin.HasSetting(Enable.2ColumnList) + Skin.HasSetting(Enable.SlimList) + !Skin.HasSetting(Enable.WideList)">
                        <control type="label">
                            <visible>ListItem.IsPlaying + !Player.Paused</visible>
                            <left>20</left>
                            <width>35</width>
                            <height>60</height>
                            <font>IconTiny</font>
                            <label>I</label>
                        </control>
                        <control type="label">
                            <visible>ListItem.IsPlaying + Player.Paused</visible>
                            <left>20</left>
                            <width>35</width>
                            <height>60</height>
                            <font>IconTiny</font>
                            <label>K</label>
                        </control>
                        <control type="label">
                            <left>20</left>
                            <right>80</right>
                            <height>60</height>
                            <font>font15</font>
                            <label>$INFO[ListItem.Label]</label>
                            <visible>!ListItem.IsPlaying</visible>
                        </control>
                        <control type="label">
                            <left>55</left>
                            <right>80</right>
                            <height>60</height>
                            <font>font15</font>
                            <label>$INFO[ListItem.Label]</label>
                            <visible>ListItem.IsPlaying</visible>
                        </control>
                        <control type="label">
                            <right>80</right>
                            <height>60</height>
                            <font>font15</font>
                            <align>right</align>
                            <label>$VAR[ListRightLabel]</label>
                            <animation effect="slide" time="0" end="60" condition="Container.Content(addons) | Container.Content(songs)">Conditional</animation>
                        </control>
                        <include content="OverlayList">
                            <param name="OverlayListLeft" value="1081" />
                            <param name="OverlayListTop" value="0" />
                        </include>
                    </focusedlayout>
                    <itemlayout height="60" width="1740" condition="!Skin.HasSetting(Enable.2ColumnList) + Skin.HasSetting(Enable.SlimList) + Skin.HasSetting(Enable.WideList)">
                        <control type="label">
                            <visible>ListItem.IsPlaying + !Player.Paused</visible>
                            <left>20</left>
                            <width>35</width>
                            <height>60</height>
                            <font>IconTiny</font>
                            <label>I</label>
                        </control>
                        <control type="label">
                            <visible>ListItem.IsPlaying + Player.Paused</visible>
                            <left>20</left>
                            <width>35</width>
                            <height>60</height>
                            <font>IconTiny</font>
                            <label>K</label>
                        </control>
                        <control type="label">
                            <left>20</left>
                            <right>80</right>
                            <height>60</height>
                            <font>font15</font>
                            <label>$INFO[ListItem.Label]</label>
                            <visible>!ListItem.IsPlaying</visible>
                        </control>
                        <control type="label">
                            <left>55</left>
                            <right>80</right>
                            <height>60</height>
                            <font>font15</font>
                            <label>$INFO[ListItem.Label]</label>
                            <visible>ListItem.IsPlaying</visible>
                        </control>
                        <control type="label">
                            <right>80</right>
                            <height>60</height>
                            <font>font15</font>
                            <align>right</align>
                            <label>$VAR[ListRightLabel]</label>
                            <animation effect="slide" time="0" end="60" condition="Container.Content(addons) | Container.Content(songs)">Conditional</animation>
                        </control>
                        <include content="OverlayList">
                            <param name="OverlayListLeft" value="1671" />
                            <param name="OverlayListTop" value="0" />
                        </include>
                    </itemlayout>
                    <focusedlayout height="60" width="1740" condition="!Skin.HasSetting(Enable.2ColumnList) + Skin.HasSetting(Enable.SlimList) + Skin.HasSetting(Enable.WideList)">
                        <control type="label">
                            <visible>ListItem.IsPlaying + !Player.Paused</visible>
                            <left>20</left>
                            <width>35</width>
                            <height>60</height>
                            <font>IconTiny</font>
                            <label>I</label>
                        </control>
                        <control type="label">
                            <visible>ListItem.IsPlaying + Player.Paused</visible>
                            <left>20</left>
                            <width>35</width>
                            <height>60</height>
                            <font>IconTiny</font>
                            <label>K</label>
                        </control>
                        <control type="label">
                            <left>20</left>
                            <right>80</right>
                            <height>60</height>
                            <font>font15</font>
                            <label>$INFO[ListItem.Label]</label>
                            <visible>!ListItem.IsPlaying</visible>
                        </control>
                        <control type="label">
                            <left>55</left>
                            <right>80</right>
                            <height>60</height>
                            <font>font15</font>
                            <label>$INFO[ListItem.Label]</label>
                            <visible>ListItem.IsPlaying</visible>
                        </control>
                        <control type="label">
                            <right>80</right>
                            <height>60</height>
                            <font>font15</font>
                            <align>right</align>
                            <label>$VAR[ListRightLabel]</label>
                            <animation effect="slide" time="0" end="60" condition="Container.Content(addons) | Container.Content(songs)">Conditional</animation>
                        </control>
                        <include content="OverlayList">
                            <param name="OverlayListLeft" value="1671" />
                            <param name="OverlayListTop" value="0" />
                        </include>
                    </focusedlayout>
                    <itemlayout height="120" width="870" condition="Skin.HasSetting(Enable.2ColumnList) + !Skin.HasSetting(Enable.SlimList)">
                        <control type="image">
                            <visible>!String.IsEqual(Container.SortMethod,$LOCALIZE[13409]) + !Container.Content(addons)</visible>
                            <left>10</left>
                            <top>10</top>
                            <width>100</width>
                            <height>100</height>
                            <aspectratio scalediffuse="false">keep</aspectratio>
                            <texture background="true" diffuse="diffuse/list-icon.png">$VAR[ListIcon]</texture>
                        </control>
                        <!-- Fix for default icons not showing up for addons that don't have one -->
                        <control type="image">
                            <visible>!String.IsEqual(Container.SortMethod,$LOCALIZE[13409]) + Container.Content(addons)</visible>
                            <left>10</left>
                            <top>10</top>
                            <width>100</width>
                            <height>100</height>
                            <aspectratio scalediffuse="false">keep</aspectratio>
                            <texture background="true" diffuse="diffuse/list-icon.png">$INFO[ListItem.Icon]</texture>
                        </control>
                        <control type="label">
                            <visible>String.IsEqual(Container.SortMethod,$LOCALIZE[13409])</visible>
                            <left>10</left>
                            <top>10</top>
                            <width>100</width>
                            <height>100</height>
                            <font>font35_title</font>
                            <align>center</align>
                            <label>$INFO[ListItem.Top250]</label>
                        </control>
                        <control type="label">
                            <visible>ListItem.IsPlaying + !Player.Paused</visible>
                            <left>135</left>
                            <top>5</top>
                            <width>35</width>
                            <height>70</height>
                            <font>IconTiny</font>
                            <label>I</label>
                        </control>
                        <control type="label">
                            <visible>ListItem.IsPlaying + Player.Paused</visible>
                            <left>135</left>
                            <top>5</top>
                            <width>35</width>
                            <height>70</height>
                            <font>IconTiny</font>
                            <label>K</label>
                        </control>
                        <control type="label">
                            <left>135</left>
                            <top>3</top>
                            <right>80</right>
                            <height>70</height>
                            <font>font30</font>
                            <label>$VAR[ListMainLabelVar]</label>
                            <visible>!ListItem.IsPlaying</visible>
                        </control>
                        <control type="label">
                            <left>170</left>
                            <top>3</top>
                            <right>80</right>
                            <height>70</height>
                            <font>font30</font>
                            <label>$VAR[ListMainLabelVar]</label>
                            <visible>ListItem.IsPlaying</visible>
                        </control>
                        <control type="label">
                            <left>135</left>
                            <top>52</top>
                            <right>80</right>
                            <height>60</height>
                            <label>$VAR[ListSubLabelVar]</label>
                        </control>
                        <include content="OverlayList">
                            <param name="OverlayListLeft" value="800" />
                            <param name="OverlayListTop" value="28" />
                        </include>
                    </itemlayout>
                    <focusedlayout height="120" width="870" condition="Skin.HasSetting(Enable.2ColumnList) + !Skin.HasSetting(Enable.SlimList)">
                        <control type="image">
                            <visible>!String.IsEqual(Container.SortMethod,$LOCALIZE[13409]) + !Container.Content(addons)</visible>
                            <left>10</left>
                            <top>10</top>
                            <width>100</width>
                            <height>100</height>
                            <aspectratio scalediffuse="false">keep</aspectratio>
                            <texture background="true" diffuse="diffuse/list-icon.png">$VAR[ListIcon]</texture>
                        </control>
                        <control type="image">
                            <visible>!String.IsEqual(Container.SortMethod,$LOCALIZE[13409]) + Container.Content(addons)</visible>
                            <left>10</left>
                            <top>10</top>
                            <width>100</width>
                            <height>100</height>
                            <aspectratio scalediffuse="false">keep</aspectratio>
                            <texture background="true" diffuse="diffuse/list-icon.png">$INFO[ListItem.Icon]</texture>
                        </control><!-- -->
                        <control type="label">
                            <visible>String.IsEqual(Container.SortMethod,$LOCALIZE[13409])</visible>
                            <left>10</left>
                            <top>10</top>
                            <width>100</width>
                            <height>100</height>
                            <font>font35_title</font>
                            <align>center</align>
                            <label>$INFO[ListItem.Top250]</label>
                        </control>
                        <control type="label">
                            <visible>ListItem.IsPlaying + !Player.Paused</visible>
                            <left>135</left>
                            <top>5</top>
                            <width>35</width>
                            <height>70</height>
                            <font>IconTiny</font>
                            <label>I</label>
                        </control>
                        <control type="label">
                            <visible>ListItem.IsPlaying + Player.Paused</visible>
                            <left>135</left>
                            <top>5</top>
                            <width>35</width>
                            <height>70</height>
                            <font>IconTiny</font>
                            <label>K</label>
                        </control>
                        <control type="label">
                            <top>3</top>
                            <left>135</left>
                            <right>80</right>
                            <height>70</height>
                            <font>font30</font>
                            <label>$VAR[ListMainLabelVar]</label>
                            <visible>!ListItem.IsPlaying</visible>
                        </control>
                        <control type="label">
                            <top>3</top>
                            <left>170</left>
                            <right>80</right>
                            <height>70</height>
                            <font>font30</font>
                            <label>$VAR[ListMainLabelVar]</label>
                            <visible>ListItem.IsPlaying</visible>
                        </control>
                        <control type="label">
                            <left>135</left>
                            <top>52</top>
                            <right>80</right>
                            <height>60</height>
                            <label>$VAR[ListSubLabelVar]</label>
                        </control>
                        <include content="OverlayList">
                            <param name="OverlayListLeft" value="800" />
                            <param name="OverlayListTop" value="28" />
                        </include>
                    </focusedlayout>
                    <itemlayout height="60" width="870" condition="Skin.HasSetting(Enable.2ColumnList) + Skin.HasSetting(Enable.SlimList)">
                        <control type="label">
                            <visible>ListItem.IsPlaying + !Player.Paused</visible>
                            <left>20</left>
                            <width>35</width>
                            <height>60</height>
                            <font>IconTiny</font>
                            <label>I</label>
                        </control>
                        <control type="label">
                            <visible>ListItem.IsPlaying + Player.Paused</visible>
                            <left>20</left>
                            <width>35</width>
                            <height>60</height>
                            <font>IconTiny</font>
                            <label>K</label>
                        </control>
                        <control type="label">
                            <left>20</left>
                            <right>80</right>
                            <height>60</height>
                            <font>font15</font>
                            <label>$INFO[ListItem.Label]</label>
                            <visible>!ListItem.IsPlaying</visible>
                        </control>
                        <control type="label">
                            <left>55</left>
                            <right>80</right>
                            <height>60</height>
                            <font>font15</font>
                            <label>$INFO[ListItem.Label]</label>
                            <visible>ListItem.IsPlaying</visible>
                        </control>
                        <include content="OverlayList">
                            <param name="OverlayListLeft" value="800" />
                            <param name="OverlayListTop" value="0" />
                        </include>
                    </itemlayout>
                    <focusedlayout height="60" width="870" condition="Skin.HasSetting(Enable.2ColumnList) + Skin.HasSetting(Enable.SlimList)">
                        <control type="label">
                            <visible>ListItem.IsPlaying + !Player.Paused</visible>
                            <left>20</left>
                            <width>35</width>
                            <height>60</height>
                            <font>IconTiny</font>
                            <label>I</label>
                        </control>
                        <control type="label">
                            <visible>ListItem.IsPlaying + Player.Paused</visible>
                            <left>20</left>
                            <width>35</width>
                            <height>60</height>
                            <font>IconTiny</font>
                            <label>K</label>
                        </control>
                        <control type="label">
                            <left>20</left>
                            <right>80</right>
                            <height>60</height>
                            <font>font15</font>
                            <label>$INFO[ListItem.Label]</label>
                            <visible>!ListItem.IsPlaying</visible>
                        </control>
                        <control type="label">
                            <left>55</left>
                            <right>80</right>
                            <height>60</height>
                            <font>font15</font>
                            <label>$INFO[ListItem.Label]</label>
                            <visible>ListItem.IsPlaying</visible>
                        </control>
                        <include content="OverlayList">
                            <param name="OverlayListLeft" value="800" />
                            <param name="OverlayListTop" value="0" />
                        </include>
                    </focusedlayout>
                </control>
            </control>
            <control type="group">
                <visible>Control.IsVisible(50) + !Skin.HasSetting(Enable.WideList) + !Skin.HasSetting(Enable.2ColumnList)</visible>
                <top>165</top>
                <control type="group">
                    <left>1276</left>
                    <visible>[$EXP[isMovie] | $EXP[isTvshow] | $EXP[isSeason] | $EXP[isSet] | Container.Content(actors)] + !String.Contains(Container.FolderPath,plugin.video) + !String.StartsWith(ListItem.Icon,Default)</visible>
                    <control type="image">
                        <width>560</width>
                        <height>840</height>
                        <aspectratio align="center" aligny="center" scalediffuse="false">scale</aspectratio>
                        <!--<texture background="true" diffuse="diffuse/list-poster.png">$INFO[ListItem.Icon]</texture>-->
                        <texture background="true" diffuse="diffuse/list-poster.png">$VAR[PosterVar]</texture>
                        <fadetime>IconCrossfadeTime</fadetime>
                    </control>
                </control>
                <!-- My edit -->
                        <!-- для отображния обложки сериалов -->
                <control type="group">
                    <left>1276</left>
                    <visible>$EXP[isTvshow] | $EXP[isSeason]</visible>
                    <control type="image">
                        <width>560</width>
                        <height>840</height>
                        <aspectratio align="center" aligny="center" scalediffuse="false">scale</aspectratio>
                        <texture background="true" diffuse="diffuse/list-poster.png">$VAR[PosterVar]</texture>
                        <fadetime>IconCrossfadeTime</fadetime>
                    </control>
                </control>
               <control type="group">
                    <left>1276</left>
                    <visible>[![$EXP[isMovie] | $EXP[isTvshow] | $EXP[isSeason] | $EXP[isSet] | Container.Content(actors) | Window.IsActive(videoplaylist) | $EXP[isEpisode] | Container.Content(addons) | $EXP[isArtist] | $EXP[isAlbum] | $EXP[isSong] | $EXP[isMusicvideo]] | [String.Contains(Container.FolderPath,plugin.video) + !$EXP[isEpisode]]] + !String.StartsWith(ListItem.Icon,Default)</visible>
                    <animation effect="slide" start="0,0" end="0,15" time="0" tween="cubic" easing="inout" condition="$EXP[PluginAdvancedLauncher]">Conditional</animation>
                    <control type="image">
                        <width>560</width>
                        <height>840</height>
                        <aspectratio align="center" aligny="top">keep</aspectratio>
                        <texture background="true" diffuse="diffuse/list-poster.png">$VAR[PosterVar]</texture>

                        <fadetime>IconCrossfadeTime</fadetime>
                    </control>
                </control>
                <control type="group">
                    <left>1276</left>
                    <visible>[ $EXP[isTvshow] | $EXP[isSeason] | Container.Content(addons)] + !String.StartsWith(ListItem.Icon,Default)</visible>
                    <animation effect="slide" start="0,0" end="0,15" time="0" tween="cubic" easing="inout" condition="$EXP[PluginAdvancedLauncher]">Conditional</animation>
                    <control type="image">
                        <width>560</width>
                        <height>840</height>
                        <aspectratio align="center" aligny="top">keep</aspectratio>
                        <texture background="true" diffuse="diffuse/list-poster.png">$VAR[PosterVar]</texture>
                        <fadetime>IconCrossfadeTime</fadetime>
                    </control>
                </control>
                <!-- музыка -->
                <control type="group">
                    <left>1276</left>
                    <visible>[Container.Content(addons) | $EXP[isArtist] | $EXP[isAlbum] | $EXP[isSong] | $EXP[isMusicvideo] | Container.Content(studios)] | String.StartsWith(ListItem.Icon,Default)</visible>
                    <animation effect="slide" time="0" start="0,0" end="0,15" condition="Window.IsActive(programs) | Window.IsActive(addonbrowser)">Conditional</animation>
                    <control type="image">
                        <visible>String.StartsWith(ListItem.Icon,Default) | Container.Content(countries)</visible>
                        <width>560</width>
                        <height>560</height>
                        <texture colordiffuse="33000000" border="5">listselect_fo.png</texture>
                    </control>
                    <control type="grouplist">
                        <itemgap>15</itemgap>
                        
                        <control type="image">
                            <!-- <visible>!Container.Content(addons)</visible> Ошибка в обложке сериалов -->
                            <visible>!Container.Content(addons) + !$EXP[isTvshow] + !$EXP[isSeason] </visible>
                            <width>560</width>
                            <height>560</height>
                            <aspectratio align="center" aligny="center" scalediffuse="false">scale</aspectratio>
                            <texture background="true" diffuse="diffuse/list-square.png" fallback="DefaultFolder.png">$VAR[ThumbViewImage]</texture>
                            <fadetime>IconCrossfadeTime</fadetime>
                        </control><!--  -->
                        <control type="image">
                            <visible>Container.Content(addons)</visible>
                            <width>560</width>
                            <height>560</height>
                            <aspectratio align="center" aligny="center" scalediffuse="false">scale</aspectratio>
                            <texture background="true" diffuse="diffuse/list-square.png">$INFO[ListItem.Icon]</texture>
                            <fadetime>IconCrossfadeTime</fadetime>
                        </control>
                        <control type="label">
                            <visible>$EXP[isSong] + !String.IsEmpty(ListItem.Album)</visible>
                            <width>560</width>
                            <height>30</height>
                            <font>font14</font>
                            <textcolor>highlight</textcolor>
                            <label>$LOCALIZE[558]:</label>
                        </control>
                        <control type="label">
                            <visible>$EXP[isSong] + !String.IsEmpty(ListItem.Album)</visible>
                            <width>560</width>
                            <height>30</height>
                            <font>font14</font>
                            <label>$INFO[ListItem.Album]</label>
                        </control>
                        <control type="label">
                            <visible>$EXP[isSong] + !String.IsEmpty(ListItem.Year)</visible>
                            <width>560</width>
                            <height>30</height>
                            <font>font14</font>
                            <textcolor>highlight</textcolor>
                            <label>$LOCALIZE[562]:</label>
                        </control>
                        <control type="label">
                            <visible>$EXP[isSong] + !String.IsEmpty(ListItem.Year)</visible>
                            <width>560</width>
                            <height>30</height>
                            <font>font14</font>
                            <label>$INFO[ListItem.Year]</label>
                        </control>
                        <control type="label">
                            <visible>$EXP[isSong] + !String.IsEmpty(ListItem.Genre)</visible>
                            <width>560</width>
                            <height>30</height>
                            <font>font14</font>
                            <textcolor>highlight</textcolor>
                            <label>$LOCALIZE[515]:</label>
                        </control>
                        <control type="label">
                            <visible>$EXP[isSong] + !String.IsEmpty(ListItem.Genre)</visible>
                            <width>560</width>
                            <height>30</height>
                            <font>font14</font>
                            <label>$INFO[ListItem.Genre]</label>
                        </control>
                        <control type="textbox">
                            <visible>$EXP[isMusicvideo]</visible>
                            <description>Description</description>
                            <width>560</width>
                            <height>220</height>
                            <font>font14_textbox</font>
                            <label>$INFO[ListItem.Plot]</label>
                            <include>AutoscrollDefault</include>
                        </control>
                        <control type="textbox">
                            <visible>$EXP[isArtist] | $EXP[isAlbum]</visible>
                            <label>$VAR[MusicPlotVar]</label>
                            <width>560</width>
                            <height>275</height>
                            <font>font14_textbox</font>
                            <include>AutoscrollDefault</include>
                            <include>InfoPanelButtonsValues</include>
                        </control>
                        <control type="textbox">
                            <visible>!String.IsEmpty(ListItem.AddonDescription)</visible>
                            <description>Description</description>
                            <width>560</width>
                            <height>275</height>
                            <font>font14_textbox</font>
                            <label>$INFO[ListItem.AddonDescription]</label>
                            <include>AutoscrollDefault</include>
                        </control>
                    </control>
                </control>
                <control type="group">
                    <left>1276</left>
                    <visible>$EXP[isEpisode] + !String.StartsWith(ListItem.Icon,Default)</visible>
                    <control type="image">
                        <width>560</width>
                        <height>342</height>
                        <aspectratio align="center" aligny="center" scalediffuse="false">scale</aspectratio>
                        <texture background="true" diffuse="diffuse/list-fanart.png">$INFO[ListItem.Icon]</texture>
                        <fadetime>IconCrossfadeTime</fadetime>
                        <visible>!String.IsEmpty(ListItem.Plot)</visible>
                    </control>
                    <control type="image">
                        <width>560</width>
                        <height>840</height>
                        <aspectratio align="center" aligny="top">keep</aspectratio>
                        <texture background="true">$INFO[ListItem.Icon]</texture>
                        <fadetime>IconCrossfadeTime</fadetime>
                        <visible>String.IsEmpty(ListItem.Plot)</visible>
                    </control>
                    <control type="group">
                        <visible>Control.IsVisible(50) + !$EXP[isVideoAddon]</visible>
                        <include condition="Skin.HasSetting(Enable.MediaFlags)" content="MediaFlags">
                            <param name="left" value="0" />
                            <param name="top" value="360" />
                            <param name="align" value="left" />
                        </include>
                    </control>
                    <control type="textbox">
                        <label>$VAR[VideoPlotVar]</label>
                        <top>450</top>
                        <width>540</width>
                        <height>390</height>
                        <font>font14_textbox</font>
                        <include>AutoscrollDefault</include>
                        <include>InfoPanelButtonsValues</include>
                        <visible>Skin.HasSetting(Enable.MediaFlags) + !String.IsEmpty(ListItem.Plot)</visible>
                    </control>
                    <control type="textbox">
                        <label>$VAR[VideoPlotVar]</label>
                        <top>370</top>
                        <width>540</width>
                        <height>450</height>
                        <font>font14_textbox</font>
                        <include>AutoscrollDefault</include>
                        <include>InfoPanelButtonsValues</include>
                        <visible>!Skin.HasSetting(Enable.MediaFlags) + !String.IsEmpty(ListItem.Plot)</visible>
                    </control>
                </control>
            </control>
        </control>
        <control type="group">
            <visible>Control.IsVisible(50) + !$EXP[isInfoDialog]</visible>
            <animation effect="slide" time="0" start="0,0" end="0,-15" condition="Window.IsActive(videos) | Window.IsActive(music) | Window.IsActive(musicplaylist) | Window.IsActive(pictures)">Conditional</animation>
            <include>Scrollbar_Vertical</include>
        </control>
    </include>
</includes>
