<?xml version="1.0" encoding="UTF-8"?>
<window>
    <defaultcontrol always="true">11</defaultcontrol>
    <coordinates>
        <system>1</system>
        <left>0</left>
        <top>0</top>
    </coordinates>
    <animation effect="slide" start="-1000,0" end="0,0" time="400" tween="quadratic" easing="out">WindowOpen</animation>
    <controls>
        <control type="group">
            <control type="image">
                <left>-12</left>
                <top>-12</top>
                <width>870</width>
                <height>1104</height>
                <texture border="16">dialog_context.png</texture>
                <colordiffuse>dialog</colordiffuse>
            </control>
            <control type="list" id="11">
                <left>0</left>
                <top>0</top>
                <width>821</width>
                <height>1080</height>
                <onleft>60</onleft>
                <onright>60</onright>
                <onup>11</onup>
                <ondown>11</ondown>
                <viewtype label="535">list</viewtype>
                <pagecontrol>60</pagecontrol>
                <scrolltime tween="quadratic" easing="out">200</scrolltime>
                <itemlayout height="90">
                    <control type="label">
                        <width>641</width>
                        <height>90</height>
                        <font>font15</font>
                        <textoffsetx>15</textoffsetx>
                        <label>$INFO[ListItem.Label]</label>
                    </control>
                    <control type="label">
                        <left>641</left>
                        <width>180</width>
                        <height>90</height>
                        <align>right</align>
                        <font>font15</font>
                        <textoffsetx>15</textoffsetx>
                        <label>$INFO[ListItem.StartTime]</label>
                        <!--<animation effect="slide" start="0" end="-60" time="100" tween="sine" easing="in" condition="[ListItem.HasTimer | ListItem.IsRecording]">Conditional</animation>-->
                    </control>
                    <!--<control type="group">
                        <visible>[ListItem.HasTimer | ListItem.IsRecording]</visible>
                        <left>200</left>
                        <control type="label">
                            <top>30</top>
                            <width>120</width>
                            <height>30</height>
                            <font>IconSmall</font>
                            <textoffsetx>15</textoffsetx>
                            <textcolor>maintext</textcolor>
                            <align>right</align>
                            <selectedcolor>highlight</selectedcolor>
                            <label></label>
                            <visible>ListItem.HasTimer</visible>
                        </control>
                        <control type="label">
                            <top>30</top>
                            <width>120</width>
                            <height>30</height>
                            <font>IconSmall</font>
                            <textoffsetx>15</textoffsetx>
                            <textcolor>maintext</textcolor>
                            <align>right</align>
                            <selectedcolor>highlight</selectedcolor>
                            <label></label>
                            <visible>ListItem.IsRecording</visible>
                        </control>
                    </control>-->
                </itemlayout>
                <focusedlayout height="90">
                    <control type="image">
                        <width>821</width>
                        <height>90</height>
                        <texture border="5">listselect_fo.png</texture>
                        <colordiffuse>highlight</colordiffuse>
                        <visible>Control.HasFocus(11)</visible>
                        <include>VisibleFadeEffect</include>
                    </control>
                    <control type="label">
                        <width>641</width>
                        <height>90</height>
                        <font>font15</font>
                        <textoffsetx>15</textoffsetx>
                        <label>$INFO[ListItem.Label]</label>
                    </control>
                    <control type="label">
                        <left>641</left>
                        <width>180</width>
                        <height>90</height>
                        <align>right</align>
                        <font>font15</font>
                        <textoffsetx>15</textoffsetx>
                        <label>$INFO[ListItem.StartTime]</label>
                        <!--<animation effect="slide" start="0" end="-60" time="100" tween="sine" easing="in" condition="[ListItem.HasTimer | ListItem.IsRecording]">Conditional</animation>-->
                    </control>
                    <!--<control type="group">
                        <visible>[ListItem.HasTimer | ListItem.IsRecording]</visible>
                        <left>200</left>
                        <control type="label">
                            <top>30</top>
                            <width>120</width>
                            <height>30</height>
                            <font>IconSmall</font>
                            <textoffsetx>15</textoffsetx>
                            <textcolor>maintext</textcolor>
                            <align>right</align>
                            <selectedcolor>highlight</selectedcolor>
                            <label></label>
                            <visible>ListItem.HasTimer</visible>
                        </control>
                        <control type="label">
                            <top>30</top>
                            <width>120</width>
                            <height>30</height>
                            <font>IconSmall</font>
                            <textoffsetx>15</textoffsetx>
                            <textcolor>invalid</textcolor>
                            <align>right</align>
                            <selectedcolor>invalid</selectedcolor>
                            <label></label>
                            <visible>ListItem.IsRecording</visible>
                        </control>
                    </control>-->
                </focusedlayout>
            </control>
            <control type="scrollbar" id="60">
                <left>825</left>
                <top>0</top>
                <width>10</width>
                <height>1080</height>
                <onleft>11</onleft>
                <onright>11</onright>
                <ondown>60</ondown>
                <onup>60</onup>
                <orientation>vertical</orientation>
            </control>
        </control>
    </controls>
</window>