<?xml version="1.0" encoding="UTF-8"?>
<window>
    <allowoverlay>yes</allowoverlay>
    <controls>
        <control type="image" id="1">
            <description>Pointer</description>
            <width>47</width>
            <height>59</height>
            <texture>pointer_arrow.png</texture>
        </control>
        <control type="image" id="2">
            <description>Pointer Focus</description>
            <width>47</width>
            <height>59</height>
            <texture>pointer_arrow.png</texture>
        </control>
        <control type="image" id="3">
            <description>Pointer Drag</description>
            <width>47</width>
            <height>59</height>
            <texture>pointer_arrow.png</texture>
        </control>
        <control type="image" id="4">
            <description>pointer_click</description>
            <width>47</width>
            <height>59</height>
            <texture>pointer_arrow.png</texture>
        </control>
    </controls>
</window>