<?xml version="1.0" encoding="UTF-8"?>
<window>
    <allowoverlay>no</allowoverlay>
    <defaultcontrol always="false">101</defaultcontrol>
    <coordinates>
        <system>1</system>
        <left>0</left>
        <top>0</top>
    </coordinates>
    <controls>
        <control type="group">
            <!-- ** Required ** Do not change <id> or <type> (Text box for lyrics) -->
            <control type="textbox" id="100">
                <description>textarea</description>
                <left>45</left>
                <top>100</top>
                <width>1830</width>
                <height>508</height>
                <align>center</align>
                <font>font12</font>
            </control>
            <control type="spincontrol" id="101">
                <description>Next page button</description>
                <left>1800</left>
                <top>470</top>
                <subtype>page</subtype>
                <onleft>101</onleft>
                <onright>101</onright>
                <ondown>101</ondown>
                <onup>101</onup>
                <textcolor>labelheader</textcolor>
                <showonepage>true</showonepage>
                <visible>false</visible>
                <!--<visible>Control.IsVisible(100)</visible>-->
            </control>
            <!-- ** Required ** Do not change <id> or <type> (Smooth scrolling list for lyrics) -->
            <control type="list" id="110">
                <visible>false</visible>
                <left>45</left>
                <top>45</top>
                <width>1830</width>
                <height>450</height>
                <onleft>111</onleft>
                <onright>111</onright>
                <onup>110</onup>
                <ondown>110</ondown>
                <pagecontrol>101</pagecontrol>
                <scrolltime tween="quadratic" easing="out">200</scrolltime>
                <itemlayout height="50">
                    <control type="label">
                        <width>1830</width>
                        <height>50</height>
                        <font>font15</font>
                        <align>center</align>
                        <label fallback="--">$INFO[ListItem.Label]</label>
                    </control>
                </itemlayout>
                <focusedlayout height="50">
                    <control type="label">
                        <width>1830</width>
                        <height>50</height>
                        <font>font15</font>
                        <align>center</align>
                        <label fallback="--">$INFO[ListItem.Label]</label>
                    </control>
                </focusedlayout>
            </control>
            <!-- ** Required ** Do not change <id> or <type> (Song Chooser if it gets it wrong) -->
            
            <control type="label">
                <description>Scraper label</description>
                <left>870</left>
                <top>1020</top>
                <width>825</width>
                <height>45</height>
                <label>$LOCALIZE[31205] - $INFO[Control.GetLabel(200)]</label>
                <font>font12_title</font>
                <align>right</align>
                <visible>false</visible>
            </control>
            <control type="label" id="200">
                <description>Scraper label</description>
                <visible>false</visible>
            </control>
        </control>
        <!-- ** Required ** Do not change <id> or <type> -->
        <!-- ** Required ** Do not change <id> or <type> -->
        <control type="group">
            <visible>Window.IsActive(visualisation)</visible>
            <visible>!String.IsEmpty(Container(110).ListItem.Label) + !String.Contains(Container(110).ListItem.Label,@) + !String.Contains(Container(110).ListItem.Label,chorus) + !String.Contains(Container(110).ListItem.Label,lrc) + !String.Contains(Container(110).ListItem.Label,lyric) + !String.Contains(Container(110).ListItem.Label,qq) + !String.Contains(Container(110).ListItem.Label,www)</visible>
            <control type="group">
                <visible>[!String.IsEmpty(Window(Home).Property(culrc.islrc)) + Integer.IsGreater(Container(110).ListItem.Property(duration),299) + !Integer.IsGreater(Container(110).ListItem.Property(duration),1449)] | String.IsEmpty(Container(110).ListItem.Property(part4))</visible>
                <left>510</left>
                <top>30</top>
                <!--Short LINEA 1 & 6-->
                <control type="group">
                    <animation effect="rotate" center="auto" start="4" end="4" time="0" condition="true">Conditional</animation>
                    <control type="textbox">
                        <visible>!Container(110).OnNext + !Container(110).OnPrevious + [String.EndsWith(Container(110).Currentitem,1) | String.EndsWith(Container(110).Currentitem,6)]</visible>
                        <animation effect="slide" start="0,-600" end="0,0" time="200" tween="sine" easing="out" reversible="false">Visible</animation>                  
                        <left>-1</left>
                        <top>-1</top>
                        <include>line1</include>
                        <label>$INFO[Container(110).ListItem.Property(part1)] $INFO[Container(110).ListItem.Property(part2)] $INFO[Container(110).ListItem.Property(part3)] $INFO[Container(110).ListItem.Property(part4)]</label>
                        <textcolor>black</textcolor>
                    </control>
                    <control type="textbox">
                        <visible>!Container(110).OnNext + !Container(110).OnPrevious + [String.EndsWith(Container(110).Currentitem,1) | String.EndsWith(Container(110).Currentitem,6)]</visible>
                        <animation effect="slide" start="0,-600" end="0,0" time="200" tween="sine" easing="out" reversible="false">Visible</animation>
                        <left>2</left>
                        <top>2</top>
                        <include>line1</include>
                        <label>$INFO[Container(110).ListItem.Property(part1)] $INFO[Container(110).ListItem.Property(part2)] $INFO[Container(110).ListItem.Property(part3)] $INFO[Container(110).ListItem.Property(part4)]</label>
                        <textcolor>black</textcolor>
                    </control>
                    <control type="textbox">
                        <visible>!Container(110).OnNext + !Container(110).OnPrevious + [String.EndsWith(Container(110).Currentitem,1) | String.EndsWith(Container(110).Currentitem,6)]</visible>
                        <animation effect="slide" start="0,-600" end="0,0" time="200" tween="sine" easing="out" reversible="false">Visible</animation>
                        <left>0</left>
                        <top>0</top>
                        <include>line1</include>
                        <shadowcolor>black</shadowcolor>
                        <label>[COLOR=ff89d5e0]$INFO[Container(110).ListItem.Property(part1)] [/COLOR][COLOR=ffc1ddcc]$INFO[Container(110).ListItem.Property(part2)] [/COLOR][COLOR=ffe9e6bd]$INFO[Container(110).ListItem.Property(part3)] [/COLOR][COLOR=fff4ece1]$INFO[Container(110).ListItem.Property(part4)][/COLOR]</label>
                    </control>
                </control>
                <!--Short LINEA 3 & 8-->
                <control type="group">
                    <animation effect="rotate" center="auto" start="4" end="4" time="0" condition="true">Conditional</animation>
                    <control type="textbox">
                        <visible>!Container(110).OnNext + !Container(110).OnPrevious + [String.EndsWith(Container(110).Currentitem,3) | String.EndsWith(Container(110).Currentitem,8)]</visible>
                        <animation effect="slide" start="-900,0" end="0,0" time="200" tween="sine" easing="out" reversible="false">Visible</animation>
                        <label>$INFO[Container(110).ListItem.Property(part1)] $INFO[Container(110).ListItem.Property(part2)] $INFO[Container(110).ListItem.Property(part3)][CR]$INFO[Container(110).ListItem.Property(part4)]</label>
                        <include>line3</include>
                        <left>-1</left>
                        <top>-1</top>
                        <textcolor>black</textcolor>
                    </control>
                    <control type="textbox">
                        <visible>!Container(110).OnNext + !Container(110).OnPrevious + [String.EndsWith(Container(110).Currentitem,3) | String.EndsWith(Container(110).Currentitem,8)]</visible>
                        <animation effect="slide" start="-900,0" end="0,0" time="200" tween="sine" easing="out" reversible="false">Visible</animation>
                        <label>$INFO[Container(110).ListItem.Property(part1)] $INFO[Container(110).ListItem.Property(part2)] $INFO[Container(110).ListItem.Property(part3)][CR]$INFO[Container(110).ListItem.Property(part4)]</label>
                        <include>line3</include>
                        <left>3</left>
                        <top>3</top>
                        <textcolor>black</textcolor>
                    </control>
                    <control type="textbox">
                        <visible>!Container(110).OnNext + !Container(110).OnPrevious + [String.EndsWith(Container(110).Currentitem,3) | String.EndsWith(Container(110).Currentitem,8)]</visible>
                        <animation effect="slide" start="-900,0" end="0,0" time="200" tween="sine" easing="out" reversible="false">Visible</animation>
                        <label>[COLOR=ff78a8ff]$INFO[Container(110).ListItem.Property(part1)] [/COLOR][COLOR=ff15a58f]$INFO[Container(110).ListItem.Property(part2)] [/COLOR][COLOR=ffc4e125]$INFO[Container(110).ListItem.Property(part3)][CR][/COLOR][COLOR=ffd9e898]$INFO[Container(110).ListItem.Property(part4)][/COLOR]</label>
                        <include>line3</include>
                        <left>0</left>
                        <top>0</top>
                        <shadowcolor>black</shadowcolor>
                    </control>
                </control>
                <!--Short LINEA 5 & 0-->
                <control type="group">
                    <animation effect="rotate" center="auto" start="4" end="4" time="0" condition="true">Conditional</animation>
                        <control type="textbox">
                        <visible>!Container(110).OnNext + !Container(110).OnPrevious + [String.EndsWith(Container(110).Currentitem,5) | String.EndsWith(Container(110).Currentitem,0)]</visible>
                        <animation effect="zoom" center="auto" start="0" end="100" time="200" reversible="false">Visible</animation>
                        <left>-1</left>
                        <top>-1</top>
                        <width>900</width>
                        <height>600</height>
                        <label>$INFO[Container(110).ListItem.Property(part1)] $INFO[Container(110).ListItem.Property(part2)] $INFO[Container(110).ListItem.Property(part3)][CR]$INFO[Container(110).ListItem.Property(part4)]</label>
                        <font>lyrics5s</font>
                        <align>center</align>
                        <aligny>center</aligny>
                        <textcolor>black</textcolor>
                    </control>
                    <control type="textbox">
                        <visible>!Container(110).OnNext + !Container(110).OnPrevious + [String.EndsWith(Container(110).Currentitem,5) | String.EndsWith(Container(110).Currentitem,0)]</visible>
                        <animation effect="zoom" center="auto" start="0" end="100" time="200" reversible="false">Visible</animation>
                        <left>2</left>
                        <top>2</top>
                        <width>900</width>
                        <height>600</height>
                        <label>$INFO[Container(110).ListItem.Property(part1)] $INFO[Container(110).ListItem.Property(part2)] $INFO[Container(110).ListItem.Property(part3)][CR]$INFO[Container(110).ListItem.Property(part4)]</label>
                        <font>lyrics5s</font>
                        <align>center</align>
                        <aligny>center</aligny>
                        <textcolor>black</textcolor>
                    </control>
                    <control type="textbox">
                        <visible>!Container(110).OnNext + !Container(110).OnPrevious + [String.EndsWith(Container(110).Currentitem,5) | String.EndsWith(Container(110).Currentitem,0)]</visible>
                        <animation effect="zoom" center="auto" start="0" end="100" time="200" reversible="false">Visible</animation>
                        <left>0</left>
                        <top>0</top>
                        <width>900</width>
                        <height>600</height>
                        <font>lyrics5s</font>
                        <shadowcolor>black</shadowcolor>
                        <align>center</align>
                        <aligny>center</aligny>
                        <label>[COLOR=ffFF9800]$INFO[Container(110).ListItem.Property(part1)] [/COLOR][COLOR=fffffaf0]$INFO[Container(110).ListItem.Property(part2)] [/COLOR][COLOR=ff00BCD4]$INFO[Container(110).ListItem.Property(part3)][/COLOR][CR][COLOR=ffF06292]$INFO[Container(110).ListItem.Property(part4)][/COLOR]</label>
                    </control>
                </control>
                <!--Short LINEA 7 & 2-->
                <control type="group">
                    <animation effect="rotate" center="auto" start="4" end="4" time="0" condition="true">Conditional</animation>
                    <control type="textbox">
                        <visible>!Container(110).OnNext + !Container(110).OnPrevious + [String.EndsWith(Container(110).Currentitem,7) | String.EndsWith(Container(110).Currentitem,2)]</visible>
                        <animation effect="slide" start="900,0" end="0,0" time="200" tween="sine" easing="out" reversible="false">Visible</animation>
                        <left>-1</left>
                        <top>-1</top>
                        <include>line7</include>
                        <label>$INFO[Container(110).ListItem.Property(part1)] $INFO[Container(110).ListItem.Property(part2)] $INFO[Container(110).ListItem.Property(part3)][CR]$INFO[Container(110).ListItem.Property(part4)]</label>
                        <textcolor>black</textcolor>
                    </control>
                    <control type="textbox">
                        <visible>!Container(110).OnNext + !Container(110).OnPrevious + [String.EndsWith(Container(110).Currentitem,7) | String.EndsWith(Container(110).Currentitem,2)]</visible>
                        <animation effect="slide" start="900,0" end="0,0" time="200" tween="sine" easing="out" reversible="false">Visible</animation>
                        <left>2</left>
                        <top>2</top>
                        <include>line7</include>
                        <label>$INFO[Container(110).ListItem.Property(part1)] $INFO[Container(110).ListItem.Property(part2)] $INFO[Container(110).ListItem.Property(part3)][CR]$INFO[Container(110).ListItem.Property(part4)]</label>
                        <textcolor>black</textcolor>
                    </control>
                    <control type="textbox">
                        <visible>!Container(110).OnNext + !Container(110).OnPrevious + [String.EndsWith(Container(110).Currentitem,7) | String.EndsWith(Container(110).Currentitem,2)]</visible>
                        <animation effect="slide" start="900,0" end="0,0" time="200" tween="sine" easing="out" reversible="false">Visible</animation>
                        <left>0</left>
                        <top>0</top>
                        <include>line7</include>
                        <shadowcolor>black</shadowcolor>
                        <label>[COLOR=ff99B898]$INFO[Container(110).ListItem.Property(part1)] [/COLOR][COLOR=ffFF847C]$INFO[Container(110).ListItem.Property(part2)] [/COLOR][COLOR=ffE84A5F]$INFO[Container(110).ListItem.Property(part3)][/COLOR][CR][COLOR=ffFECEA8]$INFO[Container(110).ListItem.Property(part4)][/COLOR]</label>
                    </control>
                </control>
                <!--Short LINEA 9 & 4-->
                <control type="group">
                    <animation effect="rotate" center="auto" start="4" end="4" time="0" condition="true">Conditional</animation>
                    <control type="textbox">
                        <visible>!Container(110).OnNext + !Container(110).OnPrevious + [String.EndsWith(Container(110).Currentitem,9) | String.EndsWith(Container(110).Currentitem,4)]</visible>
                        <animation effect="zoom" center="auto" start="400" end="100" time="200" reversible="false">Visible</animation>
                        <left>-1</left>
                        <top>-1</top>
                        <include>line9</include>
                        <label>$INFO[Container(110).ListItem.Property(part1)] $INFO[Container(110).ListItem.Property(part2)] $INFO[Container(110).ListItem.Property(part3)][CR]$INFO[Container(110).ListItem.Property(part4)]</label>
                        <textcolor>black</textcolor>
                    </control>
                    <control type="textbox">
                        <visible>!Container(110).OnNext + !Container(110).OnPrevious + [String.EndsWith(Container(110).Currentitem,9) | String.EndsWith(Container(110).Currentitem,4)]</visible>
                        <animation effect="zoom" center="auto" start="400" end="100" time="200" reversible="false">Visible</animation>
                        <left>2</left>
                        <top>2</top>
                        <include>line9</include>
                        <label>$INFO[Container(110).ListItem.Property(part1)] $INFO[Container(110).ListItem.Property(part2)] $INFO[Container(110).ListItem.Property(part3)][CR]$INFO[Container(110).ListItem.Property(part4)]</label>
                        <textcolor>black</textcolor>
                    </control>
                    <control type="textbox">
                        <visible>!Container(110).OnNext + !Container(110).OnPrevious + [String.EndsWith(Container(110).Currentitem,9) | String.EndsWith(Container(110).Currentitem,4)]</visible>
                        <animation effect="zoom" center="auto" start="400" end="100" time="200" reversible="false">Visible</animation>
                        <left>0</left>
                        <top>0</top>
                        <include>line9</include>
                        <shadowcolor>black</shadowcolor>
                        <label>[COLOR=ffFF4E50]$INFO[Container(110).ListItem.Property(part1)] [/COLOR][COLOR=ffFC913A]$INFO[Container(110).ListItem.Property(part2)] [/COLOR][COLOR=ffF9D423]$INFO[Container(110).ListItem.Property(part3)][/COLOR][CR][COLOR=ffEDE574]$INFO[Container(110).ListItem.Property(part4)][/COLOR]</label>
                    </control>
                </control>
            </control>  
            <control type="group">
                <visible>!String.IsEmpty(Container(110).ListItem.Property(part4)) + [Integer.IsGreater(Container(110).ListItem.Property(duration),1449) | String.IsEmpty(Window(Home).Property(culrc.islrc))]</visible>
                <top>50</top>
                    <!--LINEA 1-->
                <include content="Dem_lyr1">
                </include>
                <include content="Dem_lyr1">
                    <param name="left1">4</param>
                    <param name="top1">254</param>
                </include>
                <include content="Dem_lyr1">
                    <param name="colorlyr11">ff4cb050</param>
                    <param name="colorlyr12">fffec106</param>
                    <param name="colorlyr13">ff2095f4</param>
                    <param name="colorlyr14">fffffaf0</param>
                    <param name="left1">1</param>
                    <param name="top1">251</param>
                </include>
                <!--LINEA 2-->
                <control type="grouplist">
                    <left>0</left>
                    <top>199</top>
                    <width>1920</width>
                    <height>100</height>
                    <itemgap>10</itemgap>
                    <scrolltime>0</scrolltime>
                    <orientation>horizontal</orientation>
                    <visible>true</visible>
                    <align>center</align>
                    <include content="Dem_lyr2">
                    </include>
                </control>
                <control type="grouplist">
                    <left>4</left>
                    <top>203</top>
                    <width>1920</width>
                    <height>100</height>
                    <itemgap>10</itemgap>
                    <scrolltime>0</scrolltime>
                    <orientation>horizontal</orientation>
                    <visible>true</visible>
                    <align>center</align>
                    <include content="Dem_lyr2">
                    </include>
                </control>
                <control type="grouplist">
                    <left>1</left>
                    <top>200</top>
                    <width>1920</width>
                    <height>100</height>
                    <itemgap>10</itemgap>
                    <scrolltime>0</scrolltime>
                    <orientation>horizontal</orientation>
                    <visible>true</visible>
                    <align>center</align>
                    <include content="Dem_lyr2">
                        <param name="colorlyr21">ff69bbd3</param>
                        <param name="colorlyr22">ffe16b6b</param>
                        <param name="colorlyr23">fff8e950</param>
                    </include>
                </control>
                <include content="Dem_lyr2b">
                    <param name="left2b">509</param>
                    <param name="top2b">223</param>
                </include>
                <include content="Dem_lyr2b">
                    <param name="left2b">513</param>
                    <param name="top2b">227</param>
                </include>
                <include content="Dem_lyr2b">
                    <param name="colorlyr2b">fffffaf0</param>
                </include>
                <!--LINEA 3-->
                <include content="Dem_lyr3">
                </include>
                <include content="Dem_lyr3">
                    <param name="left3">24</param>
                    <param name="top3">-16</param>
                </include>
                <include content="Dem_lyr3">
                    <param name="colorlyr31">ff00E676</param>
                    <param name="colorlyr32">fffffaf0</param>
                    <param name="colorlyr33">ffFB8C00</param>
                    <param name="colorlyr34">ffde6868</param>
                    <param name="left3">21</param>
                    <param name="top3">-19</param>
                </include>
                <!--LINEA 4-->
                <include content="Dem_lyr4">
                </include>
                <include content="Dem_lyr4">
                    <param name="left4">4</param>
                    <param name="top4">254</param>
                </include>
                <include content="Dem_lyr4">
                    <param name="colorlyr41">ffef4051</param>
                    <param name="colorlyr42">ff51bbb7</param>
                    <param name="colorlyr43">fffab649</param>
                    <param name="colorlyr44">ff84efbb</param>
                    <param name="left4">1</param>
                    <param name="top4">251</param>
                </include>
                <!--LINEA 5-->
                <control type="grouplist">
                    <left>0</left>
                    <top>199</top>
                    <width>1920</width>
                    <height>100</height>
                    <itemgap>10</itemgap>
                    <scrolltime>0</scrolltime>
                    <orientation>horizontal</orientation>
                    <visible>true</visible>
                    <align>center</align>
                    <include content="Dem_lyr5">
                    </include>
                </control>
                <control type="grouplist">
                    <left>4</left>
                    <top>203</top>
                    <width>1920</width>
                    <height>100</height>
                    <itemgap>10</itemgap>
                    <scrolltime>0</scrolltime>
                    <orientation>horizontal</orientation>
                    <visible>true</visible>
                    <align>center</align>
                    <include content="Dem_lyr5">
                    </include>
                </control>
                <control type="grouplist">
                    <left>1</left>
                    <top>200</top>
                    <width>1920</width>
                    <height>100</height>
                    <itemgap>10</itemgap>
                    <scrolltime>0</scrolltime>
                    <orientation>horizontal</orientation>
                    <visible>true</visible>
                    <align>center</align>
                    <include content="Dem_lyr5">
                        <param name="colorlyr51">ffa70267</param>
                        <param name="colorlyr52">ff339194</param>
                        <param name="colorlyr53">fffb6b41</param>
                    </include>
                </control>
                <include content="Dem_lyr5b">
                    <param name="left5b">509</param>
                    <param name="top5b">229</param>
                </include>
                <include content="Dem_lyr5b">
                    <param name="left5b">513</param>
                    <param name="top5b">233</param>
                </include>
                <include content="Dem_lyr5b">
                    <param name="colorlyr5b">fff6d86b</param>
                </include>
                <!--LINEA 6-->
                <include content="Dem_lyr6">
                </include>
                <include content="Dem_lyr6">
                    <param name="left6">174</param>
                    <param name="top6">4</param>
                </include>
                <include content="Dem_lyr6">
                    <param name="colorlyr61">ff00a1b3</param>
                    <param name="colorlyr62">ffe5e140</param>
                    <param name="colorlyr63">ffa70267</param>
                    <param name="colorlyr64">ffFFFDE7</param>
                    <param name="left6">171</param>
                    <param name="top6">1</param>
                </include>
                <!--LINEA 7-->
                <control type="grouplist">
                    <left>0</left>
                    <top>199</top>
                    <width>1920</width>
                    <height>100</height>
                    <itemgap>3</itemgap>
                    <scrolltime>0</scrolltime>
                    <orientation>horizontal</orientation>
                    <visible>true</visible>
                    <align>center</align>
                    <include content="Dem_lyr7">
                    </include>
                </control>
                <control type="grouplist">
                    <left>4</left>
                    <top>203</top>
                    <width>1920</width>
                    <height>100</height>
                    <itemgap>3</itemgap>
                    <scrolltime>0</scrolltime>
                    <orientation>horizontal</orientation>
                    <visible>true</visible>
                    <align>center</align>
                    <include content="Dem_lyr7">
                    </include>
                </control>
                <control type="grouplist">
                    <left>1</left>
                    <top>200</top>
                    <width>1920</width>
                    <height>100</height>
                    <itemgap>3</itemgap>
                    <scrolltime>0</scrolltime>
                    <orientation>horizontal</orientation>
                    <visible>true</visible>
                    <align>center</align>
                    <include content="Dem_lyr7">
                        <param name="colorlyr71">ff607D8B</param>
                        <param name="colorlyr72">ffFF6B6B</param>
                        <param name="colorlyr73">ff4ECDC4</param>
                    </include>
                </control>
                <include content="Dem_lyr7b">
                    <param name="left7b">509</param>
                    <param name="top7b">229</param>
                </include>
                <include content="Dem_lyr7b">
                    <param name="left7b">513</param>
                    <param name="top7b">233</param>
                </include>
                <include content="Dem_lyr7b">
                    <param name="colorlyr7b">ffC7F464</param>
                </include>
                <!--LINEA 8-->
                <include content="Dem_lyr8">
                </include>
                <include content="Dem_lyr8">
                    <param name="left8">4</param>
                    <param name="top8">154</param>
                </include>
                <include content="Dem_lyr8">
                    <param name="colorlyr81">ffFF9800</param>
                    <param name="colorlyr82">fffffaf0</param>
                    <param name="colorlyr83">ff00BCD4</param>
                    <param name="colorlyr84">ffF06292</param>
                    <param name="left8">1</param>
                    <param name="top8">151</param>
                </include>
                <!--LINEA 9-->
                <include content="Dem_lyr9">
                </include>
                <include content="Dem_lyr9">
                    <param name="left9">14</param>
                    <param name="top9">4</param>
                </include>
                <include content="Dem_lyr9">
                    <param name="colorlyr91">ffEA80FC</param>
                    <param name="left9">11</param>
                    <param name="top9">1</param>
                </include>
                <include content="Dem_lyr9b">
                </include>
                <include content="Dem_lyr9b">
                    <param name="left9b">14</param>
                    <param name="top9b">184</param>
                </include>
                <include content="Dem_lyr9b">
                    <param name="colorlyr92b">ffFFEB3B</param>
                    <param name="colorlyr93b">ff4DD0E1</param>
                    <param name="left9b">11</param>
                    <param name="top9b">181</param>
                </include>
                <include content="Dem_lyr9c">
                </include>
                <include content="Dem_lyr9c">
                    <param name="left9c">14</param>
                    <param name="top9c">4</param>
                </include>
                <include content="Dem_lyr9c">
                    <param name="colorlyr94">fffffaf0</param>
                    <param name="left9c">11</param>
                    <param name="top9c">1</param>
                </include>
                <!--LINEA 0-->
                <include content="Dem_lyr0">
                </include>
                <include content="Dem_lyr0">
                    <param name="left0">14</param>
                    <param name="top0">4</param>
                </include>
                <include content="Dem_lyr0">
                    <param name="colorlyr01">fff7cb03</param>
                    <param name="colorlyr02">ffe6227c</param>
                    <param name="colorlyr03">ff76105f</param>
                    <param name="colorlyr04">ffFFFDE7</param>
                    <param name="left0">11</param>
                    <param name="top0">1</param>
                </include>
            </control>
        </control>
        <control type="group">
            <visible>Control.IsVisible(120) + Integer.IsGreater(Container(120).NumItems,0)</visible>
            <left>457</left>
            <top>240</top>
            <animation type="Visible" reversible="false">
                <effect type="zoom" start="80" end="100" center="960,540" delay="160" tween="back" time="240" />
                <effect type="fade" delay="160" end="100" time="240" />
            </animation>
            <animation type="Hidden" reversible="false">
                <effect type="zoom" start="100" end="80" center="960,540" easing="in" tween="back" time="240" />
                <effect type="fade" start="100" end="0" time="240" />
            </animation>
            <include content="DialogBackgroundCommons">
                <param name="DialogBackgroundWidth" value="1006" />
                <param name="DialogBackgroundHeight" value="600" />
                <param name="DialogHeaderLabel" value="$LOCALIZE[31062]" />
                <param name="DialogHeaderId" value="1" />
            </include>
            <control type="group">
                <visible>Integer.IsGreater(Container(120).NumItems,0)</visible>
                <control type="image">
                    <left>32</left>
                    <top>88</top>
                    <width>942</width>
                    <height>60</height>
                    <visible>Control.HasFocus(120)</visible>
                    <animation effect="fade" time="320" delay="200">Visible</animation>
                    <animation effect="fade" time="50">Hidden</animation>
                    <texture colordiffuse="highlight" border="5">listselect_fo.png</texture>
                    <animation effect="slide" end="0,60" time="300" tween="cubic" easing="inout" condition="Integer.IsGreater(Container(120).Row,6)">Conditional</animation>
                    <animation effect="slide" end="0,60" time="300" tween="cubic" easing="inout" condition="Integer.IsGreater(Container(120).Row,5)">Conditional</animation>
                    <animation effect="slide" end="0,60" time="300" tween="cubic" easing="inout" condition="Integer.IsGreater(Container(120).Row,4)">Conditional</animation>
                    <animation effect="slide" end="0,60" time="300" tween="cubic" easing="inout" condition="Integer.IsGreater(Container(120).Row,3)">Conditional</animation>
                    <animation effect="slide" end="0,60" time="300" tween="cubic" easing="inout" condition="Integer.IsGreater(Container(120).Row,2)">Conditional</animation>
                    <animation effect="slide" end="0,60" time="300" tween="cubic" easing="inout" condition="Integer.IsGreater(Container(120).Row,1)">Conditional</animation>
                    <animation effect="slide" end="0,60" time="300" tween="cubic" easing="inout" condition="Integer.IsGreater(Container(120).Row,0)">Conditional</animation>
                </control>
            </control>
            <control type="panel" id="120">
                <left>32</left>
                <top>88</top>
                <width>942</width>
                <height>480</height>
                <onup>120</onup>
                <ondown>120</ondown>
                <onleft>60</onleft>
                <onright>60</onright>
                <pagecontrol>60</pagecontrol>
                <scrolltime tween="quadratic" easing="out">200</scrolltime>
                <itemlayout height="60" width="942">
                    <control type="label">
                        <width>942</width>
                        <height>60</height>
                        <textoffsetx>15</textoffsetx>
                        <font>font14</font>
                        <label>$INFO[ListItem.Label]</label>
                    </control>
                    <control type="label">
                        <width>942</width>
                        <height>60</height>
                        <textoffsetx>15</textoffsetx>
                        <font>font14</font>
                        <align>right</align>
                        <label>$INFO[ListItem.Label2]</label>
                    </control>
                    <control type="label">
                        <width>942</width>
                        <height>60</height>
                        <align>right</align>
                        <font>IconSmall</font>
                        <textoffsetx>15</textoffsetx>
                        <label>A</label>
                        <visible>ListItem.IsSelected</visible>
                    </control>
                </itemlayout>
                <focusedlayout height="60" width="942">
                    <control type="label">
                        <width>942</width>
                        <height>60</height>
                        <textoffsetx>15</textoffsetx>
                        <font>font14</font>
                        <scroll>true</scroll>
                        <label>$INFO[ListItem.Label]</label>
                    </control>
                    <control type="label">
                        <width>942</width>
                        <height>60</height>
                        <textoffsetx>15</textoffsetx>
                        <font>font14</font>
                        <align>right</align>
                        <label>$INFO[ListItem.Label2]</label>
                    </control>
                    <control type="label">
                        <width>942</width>
                        <height>60</height>
                        <align>right</align>
                        <font>IconSmall</font>
                        <textoffsetx>15</textoffsetx>
                        <label>A</label>
                        <visible>ListItem.IsSelected</visible>
                    </control>
                </focusedlayout>
            </control>
            <control type="scrollbar" id="60">
                <left>979</left>
                <top>88</top>
                <height>480</height>
                <width>10</width>
                <onleft>120</onleft>
                <onright>120</onright>
                <ondown>60</ondown>
                <onup>60</onup>
            </control>
        </control>
    </controls>
</window>