<?xml version="1.0" encoding="UTF-8"?>
<window>
    <defaultcontrol always="true">30</defaultcontrol>
    <allowoverlay>no</allowoverlay>
    <controls>
        <control type="image">
            <include>FullscreenDimensions</include>
            <aspectratio align="center">scale</aspectratio>
            <texture background="true" fallback="special://skin/backgrounds/default_bg.jpg">$INFO[Skin.String(CustomBackground)]</texture>
        </control>
        <control type="image">
            <include>FullscreenDimensions</include>
            <texture>background.png</texture>
            <colordiffuse>background</colordiffuse>
        </control>
        <control type="group">
            <include>Animation.Common</include>
            <control type="image">
                <top>190</top>
                <left>72</left>
                <width>560</width>
                <height>820</height>
                <aspectratio align="center" aligny="center" scalediffuse="false">scale</aspectratio>
                <texture background="true" diffuse="diffuse/videoinfo-poster.png">$INFO[Window.Property(thumb)]</texture>
            </control>
            <control type="image">
                <top>180</top>
                <left>1600</left>
                <width>300</width>
                <height>80</height>
                <aspectratio>keep</aspectratio>
                <texture>addons/tmdb.png</texture>
                <colordiffuse>33ffffff</colordiffuse>
            </control>
        </control>
        <control type="group">
            <include>Animation.Common</include>
            <left>703</left>
            <control type="group">
                <top>60</top>
                <width>1150</width>
                <height>854</height>
                <control type="panel">
                    <left>5</left>
                    <top>118</top>
                    <width>1150</width>
                    <height>300</height>
                    <orientation>horizontal</orientation>
                    <pagecontrol>61</pagecontrol>
                    <scrolltime tween="quadratic" easing="out">200</scrolltime>
                    <itemlayout height="50" width="1150">
                        <control type="label">
                            <width>250</width>
                            <height>50</height>
                            <font>font15</font>
                            <textcolor>highlight</textcolor>
                            <label>$INFO[ListItem.Label2]</label>
                        </control>
                        <control type="label">
                            <left>250</left>
                            <width>1040</width>
                            <height>50</height>
                            <font>font15</font>
                            <label>$INFO[ListItem.Label]</label>
                        </control>
                    </itemlayout>
                    <focusedlayout height="50" width="1150">
                        <control type="label">
                            <width>250</width>
                            <height>50</height>
                            <font>font15</font>
                            <textcolor>highlight</textcolor>
                            <label>$INFO[ListItem.Label2]</label>
                        </control>
                        <control type="label">
                            <left>250</left>
                            <width>1040</width>
                            <height>50</height>
                            <font>font15</font>
                            <label>$INFO[ListItem.Label]</label>
                        </control>
                    </focusedlayout>
                    <content>
                        <!--<item>
                            <label fallback="161">$INFO[Window.Property(AlsoKnownAs)]</label>
                            <label2>$ADDON[script.extendedinfo 32016]:</label2>
                            <visible>!String.IsEmpty(Window.Property(AlsoKnownAs))</visible>
                        </item>-->
                        <item>
                            <label fallback="161">$INFO[Window.Property(Birthday)]</label>
                            <label2>$ADDON[script.extendedinfo 32012]:</label2>
                        </item>
                        <item>
                            <label fallback="161">$INFO[Window.Property(Age)]</label>
                            <label2>$ADDON[script.extendedinfo 32020]:</label2>
                            <visible>String.IsEmpty(Window.Property(Deathday))</visible>
                        </item>
                        <item>
                            <label fallback="161">$INFO[Window.Property(Deathday)]</label>
                            <label2>$ADDON[script.extendedinfo 32013]:</label2>
                            <visible>!String.IsEmpty(Window.Property(Deathday))</visible>
                        </item>
                        <item>
                            <label fallback="161">$INFO[Window.Property(PlaceOfBirth)]</label>
                            <label2>$ADDON[script.extendedinfo 32014]:</label2>
                        </item>
                        <item>
                            <label fallback="161">$INFO[Container(150).NumItems]</label>
                            <!--<label fallback="161">$INFO[Window.Property(TotalMovies)]</label>-->
                            <label2>$ADDON[script.extendedinfo 32011]:</label2>
                        </item>
                        <item>
                            <label fallback="161">$INFO[Window.Property(DBMovies)]</label>
                            <label2>$ADDON[script.extendedinfo 32021]:</label2>
                        </item>
                        <item>
                            <label fallback="161">$INFO[Window.Property(Homepage)]</label>
                            <label2>$ADDON[script.extendedinfo 32017]:</label2>
                        </item>
                    </content>
                </control>
                <control type="scrollbar" id="61">
                    <visible allowhiddenfocus="true">Control.HasFocus(61)</visible>
                    <left>2</left>
                    <top>430</top>
                    <width>1145</width>
                    <height>10</height>
                    <onup>9000</onup>
                    <ondown>9000</ondown>
                    <onleft>61</onleft>
                    <onright>61</onright>
                    <orientation>horizontal</orientation>
                </control>
                <control type="textbox" id="800">
                    <description>Plot</description>
                    <left>5</left>
                    <top>535</top>
                    <width>1120</width>
                    <height>402</height>
                    <font>font15_textbox</font>
                    <label fallback="161">$INFO[Window.Property(Biography)]</label>
                    <pagecontrol>60</pagecontrol>
                    <autoscroll time="3000" delay="6000" repeat="6000">!Skin.HasSetting(Disable.AutoScroll)</autoscroll>
                    <animation effect="fade" start="0" end="100" time="300" delay="100">Visible</animation>
                    <visible>ControlGroup(9000).HasFocus(30) | [!ControlGroup(9000).HasFocus() + ![Control.HasFocus(150) | Control.HasFocus(250) | Control.HasFocus(350) | Control.HasFocus(450) | Control.HasFocus(550) | Control.HasFocus(650) | Control.HasFocus(750) | Control.HasFocus(61)]] | [ControlGroup(9000).HasFocus(30) + Control.HasFocus(61)]</visible>
                </control>
                <control type="scrollbar" id="60">
                    <visible allowhiddenfocus="true">Control.HasFocus(60)</visible>
                    <left>1140</left>
                    <top>545</top>
                    <width>10</width>
                    <height>392</height>
                    <onleft>9000</onleft>
                    <onright>9000</onright>
                    <orientation>vertical</orientation>
                </control>
                <control type="group">
                    <visible>Integer.IsGreater(Container(150).NumItems,0)</visible>
                    <animation effect="fade" time="320" delay="300">Visible</animation>
                    <control type="image">
                        <visible>Control.HasFocus(150)</visible>
                        <left>-9</left>
                        <top>531</top>
                        <width>301</width>
                        <height>430</height>
                        <animation effect="fade" time="320" delay="200">Visible</animation>
                        <animation effect="fade" time="200">Hidden</animation>
                        <texture colordiffuse="highlight" border="5">listselect_fo.png</texture>
                        <animation effect="slide" end="289,0" time="300" tween="cubic" easing="inout" condition="Integer.IsGreater(Container(150).Column,2)">Conditional</animation>
                        <animation effect="slide" end="289,0" time="300" tween="cubic" easing="inout" condition="Integer.IsGreater(Container(150).Column,1)">Conditional</animation>
                        <animation effect="slide" end="289,0" time="300" tween="cubic" easing="inout" condition="Integer.IsGreater(Container(150).Column,0)">Conditional</animation>
                    </control>
                </control>
                <control type="panel" id="150">
                    <description>Movies roles</description>
                    <left>-3</left>
                    <top>505</top>
                    <width>1156</width>
                    <height>450</height>
                    <onleft>150</onleft>
                    <onright>150</onright>
                    <onup>9000</onup>
                    <ondown>9000</ondown>
                    <orientation>horizontal</orientation>
                    <scrolltime tween="quadratic" easing="out">300</scrolltime>
                    <visible>Integer.IsGreater(Container(150).NumItems,0) + [ControlGroup(9000).HasFocus(32) | Control.HasFocus(150)]</visible>
                    <animation effect="fade" start="0" end="100" time="500" tween="sine" easing="inout">VisibleChange</animation>
                    <itemlayout height="450" width="289">
                        <control type="group">
                            <top>32</top>
                            <control type="image">
                                <top>6</top>
                                <left>6</left>
                                <width>277</width>
                                <height>406</height>
                                <aspectratio align="center" aligny="center" scalediffuse="false">scale</aspectratio>
                                <texture background="true" fallback="DefaultFallbackMovies.png" diffuse="diffuse/videoinfo-actor.png">$INFO[ListItem.Art(thumb)]</texture>
                            </control>
                            <control type="image">
                                <top>6</top>
                                <left>6</left>
                                <width>277</width>
                                <height>406</height>
                                <texture border="5">overlays/diffuse-overlay.png</texture>
                            </control>
                            <include content="OverlayExtendedInfo">
                                <param name="OverlayExtendedLeft" value="217" />
                                <param name="OverlayExtendedTop" value="10" />
                            </include>
                            <control type="image">
                                <top>362</top>
                                <left>6</left>
                                <width>277</width>
                                <height>50</height>
                                <texture colordiffuse="BB000000" border="5">diffuse/actor-label.png</texture>
                                <visible>!String.IsEmpty(ListItem.Property(Character))</visible>
                            </control>
                            <control type="label">
                                <left>16</left>
                                <top>360</top>
                                <width>257</width>
                                <height>45</height>
                                <font>font_Actor</font>
                                <label>$INFO[ListItem.Property(Character)]</label>
                            </control>
                        </control>
                    </itemlayout>
                    <focusedlayout height="450" width="289">
                        <control type="group">
                            <top>32</top>
                            <include>PanelFocusedItemZoom</include>
                            <control type="image">
                                <top>6</top>
                                <left>6</left>
                                <width>277</width>
                                <height>406</height>
                                <aspectratio align="center" aligny="center" scalediffuse="false">scale</aspectratio>
                                <texture background="true" fallback="DefaultFallbackMovies.png" diffuse="diffuse/videoinfo-actor.png">$INFO[ListItem.Art(thumb)]</texture>
                            </control>
                            <control type="image">
                                <animation center="auto" condition="Control.HasFocus(150)" easing="inout" effect="fade" end="0" start="100" time="300" tween="sine">Focus</animation>
                                <animation center="auto" condition="Control.HasFocus(150)" easing="inout" effect="fade" end="100" start="0" time="300" tween="sine">UnFocus</animation>
                                <top>6</top>
                                <left>6</left>
                                <width>277</width>
                                <height>406</height>
                                <texture border="5">overlays/diffuse-overlay.png</texture>
                            </control>
                            <include content="OverlayExtendedInfo">
                                <param name="OverlayExtendedLeft" value="217" />
                                <param name="OverlayExtendedTop" value="10" />
                            </include>
                            <control type="image">
                                <left>6</left>
                                <top>362</top>
                                <width>277</width>
                                <height>50</height>
                                <texture colordiffuse="BB000000" border="5">diffuse/actor-label.png</texture>
                                <visible>!String.IsEmpty(ListItem.Property(Character))</visible>
                            </control>
                            <control type="label">
                                <left>16</left>
                                <top>360</top>
                                <width>257</width>
                                <height>45</height>
                                <font>font_Actor</font>
                                <label>$INFO[ListItem.Property(Character)]</label>
                            </control>
                        </control>
                    </focusedlayout>
                </control>
                <control type="group">
                    <visible>Integer.IsGreater(Container(250).NumItems,0)</visible>
                    <animation effect="fade" time="320" delay="300">Visible</animation>
                    <control type="image">
                        <visible>Control.HasFocus(250)</visible>
                        <left>-9</left>
                        <top>531</top>
                        <width>301</width>
                        <height>430</height>
                        <animation effect="fade" time="320" delay="200">Visible</animation>
                        <animation effect="fade" time="200">Hidden</animation>
                        <texture colordiffuse="highlight" border="5">listselect_fo.png</texture>
                        <animation effect="slide" end="289,0" time="300" tween="cubic" easing="inout" condition="Integer.IsGreater(Container(250).Column,2)">Conditional</animation>
                        <animation effect="slide" end="289,0" time="300" tween="cubic" easing="inout" condition="Integer.IsGreater(Container(250).Column,1)">Conditional</animation>
                        <animation effect="slide" end="289,0" time="300" tween="cubic" easing="inout" condition="Integer.IsGreater(Container(250).Column,0)">Conditional</animation>
                    </control>
                </control>
                <control type="panel" id="250">
                    <description>TVShow roles</description>
                    <left>-3</left>
                    <top>505</top>
                    <width>1156</width>
                    <height>450</height>
                    <onleft>250</onleft>
                    <onright>250</onright>
                    <onup>9000</onup>
                    <ondown>9000</ondown>
                    <orientation>horizontal</orientation>
                    <scrolltime tween="quadratic" easing="out">300</scrolltime>
                    <visible>Integer.IsGreater(Container(250).NumItems,0) + [ControlGroup(9000).HasFocus(34) | Control.HasFocus(250)]</visible>
                    <animation effect="fade" start="0" end="100" time="500" tween="sine" easing="inout">VisibleChange</animation>
                    <itemlayout height="450" width="289">
                        <control type="group">
                            <top>32</top>
                            <control type="image">
                                <top>6</top>
                                <left>6</left>
                                <width>277</width>
                                <height>406</height>
                                <aspectratio align="center" aligny="center" scalediffuse="false">scale</aspectratio>
                                <texture background="true" fallback="DefaultFallbackMovies.png" diffuse="diffuse/videoinfo-actor.png">$INFO[ListItem.Art(thumb)]</texture>
                            </control>
                            <control type="image">
                                <top>6</top>
                                <left>6</left>
                                <width>277</width>
                                <height>406</height>
                                <texture border="5">overlays/diffuse-overlay.png</texture>
                            </control>
                            <include content="OverlayExtendedInfo">
                                <param name="OverlayExtendedLeft" value="217" />
                                <param name="OverlayExtendedTop" value="10" />
                            </include>
                            <control type="image">
                                <top>362</top>
                                <left>6</left>
                                <width>277</width>
                                <height>50</height>
                                <texture colordiffuse="BB000000" border="5">diffuse/actor-label.png</texture>
                                <visible>!String.IsEmpty(ListItem.Property(Character))</visible>
                            </control>
                            <control type="label">
                                <left>16</left>
                                <top>360</top>
                                <width>257</width>
                                <height>45</height>
                                <font>font_Actor</font>
                                <label>$INFO[ListItem.Property(Character)]</label>
                            </control>
                        </control>
                    </itemlayout>
                    <focusedlayout height="450" width="289">
                        <control type="group">
                            <top>32</top>
                            <include>PanelFocusedItemZoom</include>
                            <control type="image">
                                <top>6</top>
                                <left>6</left>
                                <width>277</width>
                                <height>406</height>
                                <aspectratio align="center" aligny="center" scalediffuse="false">scale</aspectratio>
                                <texture background="true" fallback="DefaultFallbackMovies.png" diffuse="diffuse/videoinfo-actor.png">$INFO[ListItem.Art(thumb)]</texture>
                            </control>
                            <control type="image">
                                <animation center="auto" condition="Control.HasFocus(250)" easing="inout" effect="fade" end="0" start="100" time="300" tween="sine">Focus</animation>
                                <animation center="auto" condition="Control.HasFocus(250)" easing="inout" effect="fade" end="100" start="0" time="300" tween="sine">UnFocus</animation>
                                <top>6</top>
                                <left>6</left>
                                <width>277</width>
                                <height>406</height>
                                <texture border="5">overlays/diffuse-overlay.png</texture>
                            </control>
                            <include content="OverlayExtendedInfo">
                                <param name="OverlayExtendedLeft" value="217" />
                                <param name="OverlayExtendedTop" value="10" />
                            </include>
                            <control type="image">
                                <left>6</left>
                                <top>362</top>
                                <width>277</width>
                                <height>50</height>
                                <texture colordiffuse="BB000000" border="5">diffuse/actor-label.png</texture>
                                <visible>!String.IsEmpty(ListItem.Property(Character))</visible>
                            </control>
                            <control type="label">
                                <left>16</left>
                                <top>360</top>
                                <width>257</width>
                                <height>45</height>
                                <font>font_Actor</font>
                                <label>$INFO[ListItem.Property(Character)]</label>
                            </control>
                        </control>
                    </focusedlayout>
                </control>
                <control type="group">
                    <visible>Integer.IsGreater(Container(350).NumItems,0)</visible>
                    <animation effect="fade" time="320" delay="300">Visible</animation>
                    <control type="image">
                        <visible>Control.HasFocus(350)</visible>
                        <left>-9</left>
                        <top>531</top>
                        <width>590</width>
                        <height>343</height>
                        <animation effect="fade" time="320" delay="200">Visible</animation>
                        <animation effect="fade" time="200">Hidden</animation>
                        <texture colordiffuse="highlight" border="5">listselect_fo.png</texture>
                        <animation effect="slide" end="578,0" time="300" tween="cubic" easing="inout" condition="Container(350).Column(1)">Conditional</animation>
                    </control>
                </control>
                <control type="panel" id="350">
                    <description>Youtube Videos</description>
                    <left>-3</left>
                    <top>505</top>
                    <width>1156</width>
                    <height>450</height>
                    <onleft>350</onleft>
                    <onright>350</onright>
                    <onup>9000</onup>
                    <ondown>9000</ondown>
                    <orientation>horizontal</orientation>
                    <scrolltime tween="quadratic" easing="out">300</scrolltime>
                    <visible>Integer.IsGreater(Container(350).NumItems,0) + [ControlGroup(9000).HasFocus(38) | Control.HasFocus(350)]</visible>
                    <animation effect="fade" start="0" end="100" time="500" tween="sine" easing="inout">VisibleChange</animation>
                    <itemlayout height="450" width="578">
                        <control type="group">
                            <top>32</top>
                            <control type="image">
                                <top>6</top>
                                <left>6</left>
                                <width>566</width>
                                <height>319</height>
                                <aspectratio scalediffuse="false">scale</aspectratio>
                                <texture background="true" diffuse="diffuse/addoninfo-screenshot.png">$INFO[ListItem.Art(thumb)]</texture>
                            </control>
                            <control type="image">
                                <top>6</top>
                                <left>6</left>
                                <width>566</width>
                                <height>319</height>
                                <texture border="5">overlays/diffuse-overlay.png</texture>
                            </control>
                            <control type="image">
                                <top>230</top>
                                <left>6</left>
                                <width>566</width>
                                <height>95</height>
                                <texture colordiffuse="BB000000" border="5">diffuse/actor-label.png</texture>
                                <visible>!String.IsEmpty(ListItem.Label)</visible>                          
                            </control>                      
                            <control type="textbox">
                                <left>16</left>
                                <top>230</top>
                                <width>546</width>
                                <height>90</height>
                                <font>font_Actor</font>
                                <label>$INFO[ListItem.Label]</label>
                            </control>
                        </control>
                    </itemlayout>
                    <focusedlayout height="450" width="578">
                        <control type="group">
                            <top>32</top>
                            <include>PanelFocusedItemZoom</include>
                            <control type="image">
                                <top>6</top>
                                <left>6</left>
                                <width>566</width>
                                <height>319</height>
                                <aspectratio scalediffuse="false">scale</aspectratio>
                                <texture background="true" fallback="blank.png" diffuse="diffuse/addoninfo-screenshot.png">$INFO[ListItem.Art(thumb)]</texture>
                            </control>
                            <control type="image">
                                <animation center="auto" condition="Control.HasFocus(350)" easing="inout" effect="fade" end="0" start="100" time="300" tween="sine">Focus</animation>
                                <animation center="auto" condition="Control.HasFocus(350)" easing="inout" effect="fade" end="100" start="0" time="300" tween="sine">UnFocus</animation>
                                <top>6</top>
                                <left>6</left>
                                <width>566</width>
                                <height>319</height>
                                <texture border="5">overlays/diffuse-overlay.png</texture>
                            </control>                          
                            <control type="image">
                                <top>230</top>
                                <left>6</left>
                                <width>566</width>
                                <height>95</height>
                                <texture colordiffuse="BB000000" border="5">diffuse/actor-label.png</texture>
                                <visible>!String.IsEmpty(ListItem.Label)</visible>                          
                            </control>                      
                            <control type="textbox">
                                <left>16</left>
                                <top>230</top>
                                <width>546</width>
                                <height>90</height>
                                <font>font_Actor</font>
                                <label>$INFO[ListItem.Label]</label>
                                <include>AutoscrollDefault</include>
                            </control>
                        </control>
                    </focusedlayout>                   
                </control>
                <control type="group">
                    <visible>Integer.IsGreater(Container(450).NumItems,0)</visible>
                    <animation effect="fade" time="320" delay="300">Visible</animation>
                    <control type="image">
                        <visible>Control.HasFocus(450)</visible>
                        <left>-9</left>
                        <top>531</top>
                        <width>301</width>
                        <height>430</height>
                        <animation effect="fade" time="320" delay="200">Visible</animation>
                        <animation effect="fade" time="200">Hidden</animation>
                        <texture colordiffuse="highlight" border="5">listselect_fo.png</texture>
                        <animation effect="slide" end="289,0" time="300" tween="cubic" easing="inout" condition="Integer.IsGreater(Container(450).Column,2)">Conditional</animation>
                        <animation effect="slide" end="289,0" time="300" tween="cubic" easing="inout" condition="Integer.IsGreater(Container(450).Column,1)">Conditional</animation>
                        <animation effect="slide" end="289,0" time="300" tween="cubic" easing="inout" condition="Integer.IsGreater(Container(450).Column,0)">Conditional</animation>
                    </control>
                </control>
                <control type="panel" id="450">
                    <description>Artwork</description>
                    <left>-3</left>
                    <top>505</top>
                    <width>1156</width>
                    <height>450</height>
                    <onleft>450</onleft>
                    <onright>450</onright>
                    <onup>9000</onup>
                    <ondown>9000</ondown>
                    <orientation>horizontal</orientation>
                    <scrolltime tween="quadratic" easing="out">300</scrolltime>
                    <visible>Integer.IsGreater(Container(450).NumItems,0) + [ControlGroup(9000).HasFocus(36) | Control.HasFocus(450)] + String.IsEqual(Control.GetLabel(36),$LOCALIZE[20445])</visible>
                    <animation effect="fade" start="0" end="100" time="500" tween="sine" easing="inout">VisibleChange</animation>
                    <itemlayout height="450" width="289">
                        <control type="group">
                            <top>32</top>
                            <control type="image">
                                <top>6</top>
                                <left>6</left>
                                <width>277</width>
                                <height>406</height>
                                <aspectratio align="center" aligny="center" scalediffuse="false">scale</aspectratio>
                                <texture background="true" diffuse="diffuse/videoinfo-actor.png">$INFO[ListItem.Art(thumb)]</texture>
                            </control>
                            <control type="image">
                                <top>6</top>
                                <left>6</left>
                                <width>277</width>
                                <height>406</height>
                                <texture border="5">overlays/diffuse-overlay.png</texture>
                            </control>
                        </control>
                    </itemlayout>
                    <focusedlayout height="450" width="289">
                        <control type="group">
                            <top>32</top>
                            <include>PanelFocusedItemZoom</include>
                            <control type="image">
                                <top>6</top>
                                <left>6</left>
                                <width>277</width>
                                <height>406</height>
                                <aspectratio align="center" aligny="center" scalediffuse="false">scale</aspectratio>
                                <texture background="true" fallback="blank.png" diffuse="diffuse/videoinfo-actor.png">$INFO[ListItem.Art(thumb)]</texture>
                            </control>
                            <control type="image">
                                <animation center="auto" condition="Control.HasFocus(450)" easing="inout" effect="fade" end="0" start="100" time="300" tween="sine">Focus</animation>
                                <animation center="auto" condition="Control.HasFocus(450)" easing="inout" effect="fade" end="100" start="0" time="300" tween="sine">UnFocus</animation>
                                <top>6</top>
                                <left>6</left>
                                <width>277</width>
                                <height>406</height>
                                <texture border="5">overlays/diffuse-overlay.png</texture>
                            </control>
                        </control>
                    </focusedlayout>
                </control>
                <control type="group">
                    <visible>Integer.IsGreater(Container(550).NumItems,0)</visible>
                    <animation effect="fade" time="320" delay="300">Visible</animation>
                    <control type="image">
                        <visible>Control.HasFocus(550)</visible>
                        <left>-9</left>
                        <top>531</top>
                        <width>301</width>
                        <height>430</height>
                        <animation effect="fade" time="320" delay="200">Visible</animation>
                        <animation effect="fade" time="200">Hidden</animation>
                        <texture colordiffuse="highlight" border="5">listselect_fo.png</texture>
                        <animation effect="slide" end="289,0" time="300" tween="cubic" easing="inout" condition="Integer.IsGreater(Container(550).Column,2)">Conditional</animation>
                        <animation effect="slide" end="289,0" time="300" tween="cubic" easing="inout" condition="Integer.IsGreater(Container(550).Column,1)">Conditional</animation>
                        <animation effect="slide" end="289,0" time="300" tween="cubic" easing="inout" condition="Integer.IsGreater(Container(550).Column,0)">Conditional</animation>
                    </control>
                </control>
                <control type="panel" id="550">
                    <description>Movie crew member</description>
                    <left>-3</left>
                    <top>505</top>
                    <width>1156</width>
                    <height>450</height>
                    <onleft>550</onleft>
                    <onright>550</onright>
                    <onup>9000</onup>
                    <ondown>9000</ondown>
                    <orientation>horizontal</orientation>
                    <scrolltime tween="quadratic" easing="out">300</scrolltime>
                    <visible>Integer.IsGreater(Container(550).NumItems,0) + [ControlGroup(9000).HasFocus(40) | Control.HasFocus(550)]</visible>
                    <animation effect="fade" start="0" end="100" time="500" tween="sine" easing="inout">VisibleChange</animation>
                    <itemlayout height="450" width="289">
                        <control type="group">
                            <top>32</top>
                            <control type="image">
                                <top>6</top>
                                <left>6</left>
                                <width>277</width>
                                <height>406</height>
                                <aspectratio align="center" aligny="center" scalediffuse="false">scale</aspectratio>
                                <texture background="true" fallback="DefaultFallbackMovies.png" diffuse="diffuse/videoinfo-actor.png">$INFO[ListItem.Art(thumb)]</texture>
                            </control>
                            <control type="image">
                                <top>6</top>
                                <left>6</left>
                                <width>277</width>
                                <height>406</height>
                                <texture border="5">overlays/diffuse-overlay.png</texture>
                            </control>
                            <include content="OverlayExtendedInfo">
                                <param name="OverlayExtendedLeft" value="217" />
                                <param name="OverlayExtendedTop" value="10" />
                            </include>
                            <control type="image">
                                <top>362</top>
                                <left>6</left>
                                <width>277</width>
                                <height>50</height>
                                <texture colordiffuse="BB000000" border="5">diffuse/actor-label.png</texture>
                                <visible>!String.IsEmpty(ListItem.Property(Job))</visible>
                            </control>
                            <control type="label">
                                <left>16</left>
                                <top>360</top>
                                <width>257</width>
                                <height>45</height>
                                <font>font_Actor</font>
                                <label>$INFO[ListItem.Property(Job)]</label>
                            </control>
                        </control>
                    </itemlayout>
                    <focusedlayout height="450" width="289">
                        <control type="group">
                            <top>32</top>
                            <include>PanelFocusedItemZoom</include>
                            <control type="image">
                                <top>6</top>
                                <left>6</left>
                                <width>277</width>
                                <height>406</height>
                                <aspectratio align="center" aligny="center" scalediffuse="false">scale</aspectratio>
                                <texture background="true" fallback="DefaultFallbackMovies.png" diffuse="diffuse/videoinfo-actor.png">$INFO[ListItem.Art(thumb)]</texture>
                            </control>
                            <control type="image">
                                <animation center="auto" condition="Control.HasFocus(550)" easing="inout" effect="fade" end="0" start="100" time="300" tween="sine">Focus</animation>
                                <animation center="auto" condition="Control.HasFocus(550)" easing="inout" effect="fade" end="100" start="0" time="300" tween="sine">UnFocus</animation>
                                <top>6</top>
                                <left>6</left>
                                <width>277</width>
                                <height>406</height>
                                <texture border="5">overlays/diffuse-overlay.png</texture>
                            </control>
                            <include content="OverlayExtendedInfo">
                                <param name="OverlayExtendedLeft" value="217" />
                                <param name="OverlayExtendedTop" value="10" />
                            </include>
                            <control type="image">
                                <left>6</left>
                                <top>362</top>
                                <width>277</width>
                                <height>50</height>
                                <texture colordiffuse="BB000000" border="5">diffuse/actor-label.png</texture>
                                <visible>!String.IsEmpty(ListItem.Property(Job))</visible>
                            </control>
                            <control type="label">
                                <left>16</left>
                                <top>360</top>
                                <width>257</width>
                                <height>45</height>
                                <font>font_Actor</font>
                                <label>$INFO[ListItem.Property(Job)]</label>
                            </control>
                        </control>
                    </focusedlayout>
                </control>
                <control type="group">
                    <visible>Integer.IsGreater(Container(650).NumItems,0)</visible>
                    <animation effect="fade" time="320" delay="300">Visible</animation>
                    <control type="image">
                        <visible>Control.HasFocus(650)</visible>
                        <left>-9</left>
                        <top>531</top>
                        <width>301</width>
                        <height>430</height>
                        <animation effect="fade" time="320" delay="200">Visible</animation>
                        <animation effect="fade" time="200">Hidden</animation>
                        <texture colordiffuse="highlight" border="5">listselect_fo.png</texture>
                        <animation effect="slide" end="289,0" time="300" tween="cubic" easing="inout" condition="Integer.IsGreater(Container(650).Column,2)">Conditional</animation>
                        <animation effect="slide" end="289,0" time="300" tween="cubic" easing="inout" condition="Integer.IsGreater(Container(650).Column,1)">Conditional</animation>
                        <animation effect="slide" end="289,0" time="300" tween="cubic" easing="inout" condition="Integer.IsGreater(Container(650).Column,0)">Conditional</animation>
                    </control>
                </control>
                <control type="panel" id="650">
                    <description>TVShow crew member</description>
                    <left>-3</left>
                    <top>505</top>
                    <width>1156</width>
                    <height>450</height>
                    <onleft>650</onleft>
                    <onright>650</onright>
                    <onup>9000</onup>
                    <ondown>9000</ondown>
                    <orientation>horizontal</orientation>
                    <scrolltime tween="quadratic" easing="out">300</scrolltime>
                    <visible>Integer.IsGreater(Container(650).NumItems,0) + [ControlGroup(9000).HasFocus(42) | Control.HasFocus(650)]</visible>
                    <animation effect="fade" start="0" end="100" time="500" tween="sine" easing="inout">VisibleChange</animation>
                    <itemlayout height="450" width="289">
                        <control type="group">
                            <top>32</top>
                            <control type="image">
                                <top>6</top>
                                <left>6</left>
                                <width>277</width>
                                <height>406</height>
                                <aspectratio align="center" aligny="center" scalediffuse="false">scale</aspectratio>
                                <texture background="true" fallback="DefaultFallbackMovies.png" diffuse="diffuse/videoinfo-actor.png">$INFO[ListItem.Art(thumb)]</texture>
                            </control>
                            <control type="image">
                                <top>6</top>
                                <left>6</left>
                                <width>277</width>
                                <height>406</height>
                                <texture border="5">overlays/diffuse-overlay.png</texture>
                            </control>
                            <include content="OverlayExtendedInfo">
                                <param name="OverlayExtendedLeft" value="217" />
                                <param name="OverlayExtendedTop" value="10" />
                            </include>
                            <control type="image">
                                <top>362</top>
                                <left>6</left>
                                <width>277</width>
                                <height>50</height>
                                <texture colordiffuse="BB000000" border="5">diffuse/actor-label.png</texture>
                                <visible>!String.IsEmpty(ListItem.Property(Job))</visible>
                            </control>
                            <control type="label">
                                <left>16</left>
                                <top>360</top>
                                <width>257</width>
                                <height>45</height>
                                <font>font_Actor</font>
                                <label>$INFO[ListItem.Property(Job)]</label>
                            </control>
                        </control>
                    </itemlayout>
                    <focusedlayout height="450" width="289">
                        <control type="group">
                            <top>32</top>
                            <include>PanelFocusedItemZoom</include>
                            <control type="image">
                                <top>6</top>
                                <left>6</left>
                                <width>277</width>
                                <height>406</height>
                                <aspectratio align="center" aligny="center" scalediffuse="false">scale</aspectratio>
                                <texture background="true" fallback="DefaultFallbackMovies.png" diffuse="diffuse/videoinfo-actor.png">$INFO[ListItem.Art(thumb)]</texture>
                            </control>
                            <control type="image">
                                <animation center="auto" condition="Control.HasFocus(650)" easing="inout" effect="fade" end="0" start="100" time="300" tween="sine">Focus</animation>
                                <animation center="auto" condition="Control.HasFocus(650)" easing="inout" effect="fade" end="100" start="0" time="300" tween="sine">UnFocus</animation>
                                <top>6</top>
                                <left>6</left>
                                <width>277</width>
                                <height>406</height>
                                <texture border="5">overlays/diffuse-overlay.png</texture>
                            </control>
                            <include content="OverlayExtendedInfo">
                                <param name="OverlayExtendedLeft" value="217" />
                                <param name="OverlayExtendedTop" value="10" />
                            </include>
                            <control type="image">
                                <left>6</left>
                                <top>362</top>
                                <width>277</width>
                                <height>50</height>
                                <texture colordiffuse="BB000000" border="5">diffuse/actor-label.png</texture>
                                <visible>!String.IsEmpty(ListItem.Property(Job))</visible>
                            </control>
                            <control type="label">
                                <left>16</left>
                                <top>360</top>
                                <width>257</width>
                                <height>45</height>
                                <font>font_Actor</font>
                                <label>$INFO[ListItem.Property(Job)]</label>
                            </control>
                        </control>
                    </focusedlayout>
                </control>
                <control type="group">
                    <visible>Integer.IsGreater(Container(750).NumItems,0)</visible>
                    <animation effect="fade" time="320" delay="300">Visible</animation>
                    <control type="image">
                        <visible>Control.HasFocus(750)</visible>
                        <left>-9</left>
                        <top>531</top>
                        <width>590</width>
                        <height>343</height>
                        <animation effect="fade" time="320" delay="200">Visible</animation>
                        <animation effect="fade" time="200">Hidden</animation>
                        <texture colordiffuse="highlight" border="5">listselect_fo.png</texture>
                        <animation effect="slide" end="578,0" time="300" tween="cubic" easing="inout" condition="Container(750).Column(1)">Conditional</animation>
                    </control>
                </control>
                <control type="panel" id="750">
                    <description>Fanart</description>
                    <left>-3</left>
                    <top>505</top>
                    <width>1156</width>
                    <height>450</height>
                    <onleft>750</onleft>
                    <onright>750</onright>
                    <onup>9000</onup>
                    <ondown>9000</ondown>
                    <orientation>horizontal</orientation>
                    <scrolltime tween="quadratic" easing="out">300</scrolltime>
                    <visible>Integer.IsGreater(Container(750).NumItems,0) + [ControlGroup(9000).HasFocus(36) | Control.HasFocus(750)] + String.IsEqual(Control.GetLabel(36),$LOCALIZE[31016])</visible>
                    <animation effect="fade" start="0" end="100" time="500" tween="sine" easing="inout">VisibleChange</animation>
                    <itemlayout height="450" width="578">
                        <control type="group">
                            <top>32</top>
                            <control type="image">
                                <top>6</top>
                                <left>6</left>
                                <width>566</width>
                                <height>319</height>
                                <aspectratio scalediffuse="false">scale</aspectratio>
                                <texture background="true" diffuse="diffuse/addoninfo-screenshot.png">$INFO[ListItem.Art(thumb)]</texture>
                            </control>
                            <control type="image">
                                <top>6</top>
                                <left>6</left>
                                <width>566</width>
                                <height>319</height>
                                <texture border="5">overlays/diffuse-overlay.png</texture>
                            </control>
                            <control type="image">
                                <left>6</left>
                                <top>275</top>
                                <width>566</width>
                                <height>50</height>
                                <texture colordiffuse="BB000000" border="5">diffuse/actor-label.png</texture>
                                <visible>!String.IsEmpty(ListItem.Label)</visible>                          
                            </control>
                            <control type="label">
                                <left>16</left>
                                <top>275</top>
                                <width>546</width>
                                <height>45</height>
                                <font>font_Actor</font>
                                <label>$INFO[ListItem.Label]</label>
                            </control>
                        </control>
                    </itemlayout>
                    <focusedlayout height="450" width="578">
                        <control type="group">
                            <top>32</top>
                            <include>PanelFocusedItemZoom</include>
                            <control type="image">
                                <top>6</top>
                                <left>6</left>
                                <width>566</width>
                                <height>319</height>
                                <aspectratio scalediffuse="false">scale</aspectratio>
                                <texture background="true" fallback="blank.png" diffuse="diffuse/addoninfo-screenshot.png">$INFO[ListItem.Art(thumb)]</texture>
                            </control>
                            <control type="image">
                                <animation center="auto" condition="Control.HasFocus(750)" easing="inout" effect="fade" end="0" start="100" time="300" tween="sine">Focus</animation>
                                <animation center="auto" condition="Control.HasFocus(750)" easing="inout" effect="fade" end="100" start="0" time="300" tween="sine">UnFocus</animation>
                                <top>6</top>
                                <left>6</left>
                                <width>566</width>
                                <height>319</height>
                                <texture border="5">overlays/diffuse-overlay.png</texture>
                            </control>
                            <control type="image">
                                <left>6</left>
                                <top>275</top>
                                <width>566</width>
                                <height>50</height>
                                <texture colordiffuse="BB000000" border="5">diffuse/actor-label.png</texture>
                                <visible>!String.IsEmpty(ListItem.Label)</visible>                          
                            </control>
                            <control type="label">
                                <left>16</left>
                                <top>275</top>
                                <width>546</width>
                                <height>45</height>
                                <font>font_Actor</font>
                                <label>$INFO[ListItem.Label]</label>
                                <scroll>true</scroll>
                            </control>                          
                        </control>
                    </focusedlayout>                   
                </control>
                <!-- Unavailable Fanart/Thumb -->
                <control type="label">
                    <left>-3</left>
                    <top>505</top>
                    <width>1156</width>
                    <height>450</height>
                    <align>center</align>
                    <font>font30</font>
                    <label>$LOCALIZE[161]</label>
                    <visible>ControlGroup(9000).HasFocus(36) + [[!Integer.IsGreater(Container(750).NumItems,0) + String.IsEqual(Control.GetLabel(36),$LOCALIZE[31016])] | [!Integer.IsGreater(Container(450).NumItems,0) + String.IsEqual(Control.GetLabel(36),$LOCALIZE[20445])]]</visible>                    
                    <animation effect="fade" start="0" end="100" time="500" tween="sine" easing="inout">VisibleChange</animation>
                </control>
                <!-- Movies Crew - Items/Page -->
                <include content="PageTotals">
                    <param name="ContainerID" value="150" />
                    <param name="Top" value="962" />
                    <param name="Visibility" value="ControlGroup(9000).HasFocus(32) | Control.HasFocus(150)" />
                </include>
                <!-- Movie Crew - Items/Page -->
                <include content="PageTotals">
                    <param name="ContainerID" value="550" />
                    <param name="Top" value="962" />
                    <param name="Visibility" value="ControlGroup(9000).HasFocus(40) | Control.HasFocus(550)" />
                </include>
                <!-- TvShows - Items/Page -->
                <include content="PageTotals">
                    <param name="ContainerID" value="250" />
                    <param name="Top" value="962" />
                    <param name="Visibility" value="ControlGroup(9000).HasFocus(34) | Control.HasFocus(250)" />
                </include>
                <!-- TvShow Crew - Items/Page -->
                <include content="PageTotals">
                    <param name="ContainerID" value="650" />
                    <param name="Top" value="962" />
                    <param name="Visibility" value="ControlGroup(9000).HasFocus(42) | Control.HasFocus(650)" />
                </include>
                <!-- Fanart - Items/Page -->
                <include content="PageTotals">
                    <param name="ContainerID" value="750" />
                    <param name="Top" value="962" />
                    <param name="Visibility" value="[ControlGroup(9000).HasFocus(36) + Control.IsVisible(750)] | Control.HasFocus(750)" />
                </include>
                <!-- Thumb - Items/Page -->
                <include content="PageTotals">
                    <param name="ContainerID" value="450" />
                    <param name="Top" value="962" />
                    <param name="Visibility" value="[ControlGroup(9000).HasFocus(36) + Control.IsVisible(450)] | Control.HasFocus(450)" />
                </include>
                <!-- YouTube - Items/Page -->
                <include content="PageTotals">
                    <param name="ContainerID" value="350" />
                    <param name="Top" value="962" />
                    <param name="Visibility" value="ControlGroup(9000).HasFocus(38) | Control.HasFocus(350)" />
                </include>
            </control>
            <control type="group">
                <include>VisibleFadeEffect</include>
                <visible>ControlGroup(9000).HasFocus()</visible>
                <height>30</height>
                <top>525</top>
                <left>-50</left>
                <control type="label">
                    <visible>Container(9000).HasPrevious</visible>
                    <width>30</width>
                    <height>30</height>
                    <align>center</align>
                    <label>a</label>
                    <font>IconTiny</font>
                    <textcolor>disabled</textcolor>
                </control>
                <control type="label">
                    <visible>Container(9000).HasNext</visible>
                    <left>1220</left>
                    <width>30</width>
                    <height>30</height>
                    <align>center</align>
                    <label>b</label>
                    <font>IconTiny</font>
                    <textcolor>disabled</textcolor>
                </control>
            </control>
            <control type="group">
                <left>3</left>
                <top>510</top>
                <control type="grouplist" id="9000">
                    <width>1144</width>
                    <height>60</height>
                    <itemgap>12</itemgap>
                    <onleft>9000</onleft>
                    <onright>9000</onright>
                    <onup>300</onup>
                    <align>left</align>
                    <ondown condition="Control.IsVisible(800) + [Container(800).HasNext | Container(800).HasPrevious]">60</ondown>
                    <ondown condition="Control.IsVisible(150)">150</ondown>
                    <ondown condition="Control.IsVisible(250)">250</ondown>
                    <ondown condition="Control.IsVisible(350)">350</ondown>
                    <ondown condition="Control.IsVisible(450)">450</ondown>
                    <ondown condition="Control.IsVisible(550)">550</ondown>
                    <ondown condition="Control.IsVisible(650)">650</ondown>
                    <ondown condition="Control.IsVisible(750)">750</ondown>
                    <orientation>horizontal</orientation>
                    <control type="togglebutton" id="30">
                        <description>Biography</description>
                        <include>ButtonInfoDialogsCommonValues</include>
                        <label>21887</label>
                        <alttexturenofocus colordiffuse="33787878" border="5">listselect_fo.png</alttexturenofocus>
                    </control>
                    <control type="button" id="32">
                        <description>Movies</description>
                        <include>ButtonInfoDialogsCommonValues</include>
                        <label>342</label>
                        <visible>Integer.IsGreater(Container(150).NumItems,0)</visible>
                    </control>
                    <control type="button" id="34">
                        <description>TvShows</description>
                        <include>ButtonInfoDialogsCommonValues</include>
                        <label>36903</label>
                        <visible>Integer.IsGreater(Container(250).NumItems,0)</visible>
                    </control>
                    <control type="togglebutton" id="36">
                        <description>Thumb/Fanart</description>
                        <include>ButtonInfoDialogsCommonValues</include>
                        <label>20445</label>
                        <altlabel>31016</altlabel>
                        <alttexturenofocus colordiffuse="33787878" border="5">listselect_fo.png</alttexturenofocus>
                        <visible>Integer.IsGreater(Container(450).NumItems,0) | Integer.IsGreater(Container(750).NumItems,0)</visible>
                    </control>                    
                    <control type="button" id="38">
                        <description>YouTube</description>
                        <include>ButtonInfoDialogsCommonValues</include>
                        <label>31070</label>
                        <visible>Integer.IsGreater(Container(350).NumItems,0)</visible>
                    </control>
                    <control type="button" id="40">
                        <description>Movie Crew</description>
                        <include>ButtonInfoDialogsCommonValues</include>
                        <label>$LOCALIZE[20338] $ADDON[script.extendedinfo 32115]</label>
                        <visible>Integer.IsGreater(Container(550).NumItems,0)</visible>
                    </control>
                    <control type="button" id="42">
                        <description>Tv Show Crew</description>
                        <include>ButtonInfoDialogsCommonValues</include>
                        <label>$LOCALIZE[36037] $ADDON[script.extendedinfo 32115]</label>
                        <visible>Integer.IsGreater(Container(650).NumItems,0)</visible>
                    </control>
                </control>
            </control>
        </control>
        <include>Topbar</include>
    </controls>
</window>