<?xml version="1.0" encoding="UTF-8"?>
<window>
    <defaultcontrol always="true">22</defaultcontrol>
    <allowoverlay>no</allowoverlay>
    <coordinates>
        <system>1</system>
        <left>359</left>
        <top>140</top>
    </coordinates>
    <include>Animation.Dialog</include>
    <controls>
        <control type="group">
            <visible>!Window.IsVisible(smartplaylistrule)</visible>
            <include>VisibleFadeEffect</include>
            <include content="DialogBackgroundCommons">
                <param name="DialogBackgroundWidth" value="1202" />
                <param name="DialogBackgroundHeight" value="800" />
                <param name="DialogHeaderLabel" value="-" />
                <param name="DialogHeaderId" value="2" />
            </include>
            <control type="group" id="9002">
                <control type="button" id="22">
                    <description>Set Playlist type</description>
                    <left>32</left>
                    <top>88</top>
                    <width>1138</width>
                    <label>467</label>
                    <onright>9001</onright>
                    <onleft>9001</onleft>
                    <onup>23</onup>
                    <ondown>12</ondown>
                </control>
                <control type="edit" id="12">
                    <description>Name Button</description>
                    <left>32</left>
                    <top>148</top>
                    <width>1138</width>
                    <label />
                    <onup>22</onup>
                    <onleft>9001</onleft>
                    <onright>9001</onright>
                    <ondown>10</ondown>
                    <hinttext>21433</hinttext>
                </control>
                <control type="button">
                    <description>rules label</description>
                    <left>32</left>
                    <top>208</top>
                    <width>1138</width>
                    <label>21434</label>
                    <textoffsetx>15</textoffsetx>
                    <font>font13_title</font>
                    <disabledcolor>highlight</disabledcolor>
                    <enable>no</enable>
                    <texturefocus />
                </control>
                <control type="panel" id="10">
                    <description>Rules List Control</description>
                    <left>32</left>
                    <top>268</top>
                    <width>828</width>
                    <height>180</height>
                    <onup>12</onup>
                    <onleft>9001</onleft>
                    <onright>9000</onright>
                    <ondown>16</ondown>
                    <itemlayout width="828" height="60">
                        <control type="label">
                            <width>828</width>
                            <height>60</height>
                            <textoffsetx>15</textoffsetx>
                            <info>ListItem.Label</info>
                            <selectedcolor>highlight</selectedcolor>
                            <font>font14</font>
                        </control>
                    </itemlayout>
                    <focusedlayout width="828" height="68">
                        <control type="image">
                            <width>828</width>
                            <height>60</height>
                            <texture border="5">listselect_fo.png</texture>
                            <colordiffuse>highlight</colordiffuse>
                            <include>VisibleFadeEffect</include>
                        </control>
                        <control type="label">
                            <width>828</width>
                            <height>60</height>
                            <textoffsetx>15</textoffsetx>
                            <info>ListItem.Label</info>
                            <font>font14</font>
                        </control>
                    </focusedlayout>
                </control>
                <control type="grouplist" id="9000">
                    <left>860</left>
                    <top>268</top>
                    <width>310</width>
                    <height>180</height>
                    <onup>9000</onup>
                    <onleft>10</onleft>
                    <onright>9001</onright>
                    <ondown>9000</ondown>
                    <control type="button" id="13">
                        <description>Add Rule Button</description>
                        <width>310</width>
                        <label>15019</label>
                        <font>font15</font>
                    </control>
                    <control type="button" id="14">
                        <description>Remove Rule Button</description>
                        <width>310</width>
                        <label>1210</label>
                        <font>font15</font>
                    </control>
                    <control type="button" id="15">
                        <description>Edit Rule Button</description>
                        <width>310</width>
                        <label>21435</label>
                        <font>font15</font>
                    </control>
                </control>
                <control type="button" id="16">
                    <left>32</left>
                    <top>448</top>
                    <width>1138</width>
                    <label>21424</label>
                    <onright>9001</onright>
                    <onleft>9001</onleft>
                    <onup>10</onup>
                    <ondown>17</ondown>
                </control>
                <control type="button" id="17">
                    <left>32</left>
                    <top>508</top>
                    <width>1138</width>
                    <label>21427</label>
                    <onright>9001</onright>
                    <onleft>9001</onleft>
                    <onup>16</onup>
                    <ondown>18</ondown>
                </control>
                <control type="button" id="18">
                    <left>32</left>
                    <top>568</top>
                    <width>828</width>
                    <label>21429</label>
                    <onright>19</onright>
                    <onleft>9001</onleft>
                    <onup>17</onup>
                    <ondown>23</ondown>
                </control>
                <control type="button" id="19">
                    <left>860</left>
                    <top>568</top>
                    <width>310</width>
                    <align>center</align>
                    <label />
                    <onright>9001</onright>
                    <onleft>18</onleft>
                    <onup>17</onup>
                    <ondown>24</ondown>
                </control>
                <control type="button" id="23">
                    <left>32</left>
                    <top>628</top>
                    <width>828</width>
                    <label>21458</label>
                    <onright>24</onright>
                    <onleft>9001</onleft>
                    <onup>18</onup>
                    <ondown>22</ondown>
                </control>
                <control type="radiobutton" id="24">
                    <left>860</left>
                    <top>628</top>
                    <width>310</width>
                    <align>center</align>
                    <label>21459</label>
                    <onright>9001</onright>
                    <onleft>23</onleft>
                    <onup>19</onup>
                    <ondown>22</ondown>
                </control>
            </control>
            <control type="grouplist" id="9001">
                <left>32</left>
                <top>708</top>
                <width>1138</width>
                <height>60</height>
                <onup>9002</onup>
                <ondown>9002</ondown>
                <align>center</align>
                <itemgap>14</itemgap>
                <orientation>horizontal</orientation>
                <control type="button" id="20">
                    <description>OK button</description>
                    <width>562</width>
                    <label>186</label>
                    <font>font15_title</font>
                    <align>center</align>
                    <texturenofocus colordiffuse="33787878" border="5">listselect_fo.png</texturenofocus>
                </control>
                <control type="button" id="21">
                    <description>Cancel button</description>
                    <width>562</width>
                    <label>222</label>
                    <font>font15_title</font>
                    <align>center</align>
                    <texturenofocus colordiffuse="33787878" border="5">listselect_fo.png</texturenofocus>
                </control>
            </control>
        </control>
    </controls>
</window>