<?xml version="1.0" encoding="UTF-8"?>
<includes>
    <!--PORTRAIT-->
    <include name="View_505_Panel">
        <control type="group">
            <visible>Control.IsVisible(505) + !$EXP[isInfoDialog]</visible>
            <include>Animation.Common</include>
            <control type="group">
                <visible>Integer.IsGreater(Container(505).NumItems,0)</visible>
                <animation effect="fade" time="320" delay="300">Visible</animation>
                <control type="image">
                    <left>83</left>
                    <top>265</top>
                    <width>555</width>
                    <height>725</height>
                    <visible>Control.HasFocus(505)</visible>
                    <include>FocusedBackgroundFade</include>
                    <texture colordiffuse="highlight" border="5">listselect_fo.png</texture>
                    <animation effect="slide" end="600,0" time="300" tween="cubic" easing="inout" condition="Integer.IsGreater(Container(505).Column,1)">Conditional</animation>
                    <animation effect="slide" end="600,0" time="300" tween="cubic" easing="inout" condition="Integer.IsGreater(Container(505).Column,0)">Conditional</animation>
                </control>
            </control>
            <control type="panel" id="505">
                <viewtype label="31059">wrap</viewtype>
                <left>60</left>
                <top>260</top>
                <width>1800</width>
                <height>843</height>
                <onup>SetProperty(MediaMenu,True,home)</onup>
                <onup>SetFocus(9050)</onup>
                <ondown>60</ondown>
                <onleft>505</onleft>
                <onright>505</onright>
                <pagecontrol>60</pagecontrol>
                <preloaditems>2</preloaditems>
                <orientation>horizontal</orientation>
                <visible>Container.Content(movies) | Container.Content(tvshows) | Container.Content(episodes) | Container.Content(videos) | [Container.Content(artists) + !Window.IsActive(videos)]</visible>
                <itemlayout width="600" height="725">
                    <control type="label">
                        <top>330</top>
                        <left>38</left>
                        <width>525</width>
                        <height>40</height>
                        <label>$INFO[ListItem.Label]</label>
                        <font>font30</font>
                    </control>
                    <control type="textbox">
                        <visible>!Container.Content(artists)</visible>
                        <top>388</top>
                        <left>38</left>
                        <width>525</width>
                        <height>325</height>
                        <label>$VAR[VideoPlotVar]</label>
                        <font>font14_textbox</font>
                    </control>
                    <control type="textbox">
                        <visible>Container.Content(artists)</visible>
                        <top>388</top>
                        <left>38</left>
                        <width>525</width>
                        <align>left</align>
                        <height>325</height>
                        <label>$INFO[ListItem.Property(Artist_Description)]</label>
                        <font>font14_textbox</font>
                    </control>
                    <include>viewPanelTextbox-ContainerCommons</include>
                </itemlayout>
                <focusedlayout width="600" height="725">
                    <control type="label">
                        <top>330</top>
                        <left>38</left>
                        <width>525</width>
                        <height>40</height>
                        <label>$INFO[ListItem.Label]</label>
                        <font>font30</font>
                    </control>
                    <control type="textbox">
                        <visible>!Container.Content(artists)</visible>
                        <top>388</top>
                        <left>38</left>
                        <width>525</width>
                        <align>left</align>
                        <height>325</height>
                        <label>$VAR[VideoPlotVar]</label>
                        <font>font14_textbox</font>
                        <autoscroll time="3000" delay="4000" repeat="5000">!Skin.HasSetting(Disable.AutoScroll) + !Control.HasFocus(61)</autoscroll>
                    </control>
                    <control type="textbox">
                        <visible>Container.Content(artists)</visible>
                        <top>388</top>
                        <left>38</left>
                        <width>525</width>
                        <align>left</align>
                        <height>325</height>
                        <label>$INFO[ListItem.Property(Artist_Description)]</label>
                        <font>font14_textbox</font>
                        <autoscroll time="3000" delay="4000" repeat="5000">!Skin.HasSetting(Disable.AutoScroll) + !Control.HasFocus(61)</autoscroll>
                    </control>
                    <include>viewPanelTextbox-ContainerCommons</include>
                </focusedlayout>
            </control>
        </control>
        <control type="group">
            <visible>Control.IsVisible(505)</visible>
            <top>-15</top>
            <include>Scrollbar_Horizontal</include>
        </control>
    </include>
    <include name="viewPanelTextbox-ContainerCommons">
        <visible>Container.Content(movies) | Container.Content(tvshows) | Container.Content(episodes) | Container.Content(videos) | Container.Content(artists) | Container.Content(musicvideos)</visible>
        <control type="group">
            <control type="group">
                <left>38</left>
                <top>20</top>
                <animation type="Focus">
                    <effect type="zoom" time="150" start="95" end="100" center="278,163" />
                    <effect type="zoom" time="150" start="105" end="100" delay="150" center="278,163" />
                </animation>
                <control type="group">
                    <visible>![Skin.HasSetting(Enable.PanelFanart) | Skin.HasSetting(Enable.PanelLogo)] | Container.Content(artists)</visible>
                    <control type="image">
                        <width>525</width>
                        <height>296</height>
                        <texture background="true" diffuse="diffuse/panel.png">$VAR[LandscapeArtVar]</texture>
                        <aspectratio align="center" aligny="center" scalediffuse="false">scale</aspectratio>
                    </control>
                    <control type="image">
                        <visible>[Container.Content(movies) | Container.Content(tvshows)] + String.IsEmpty(ListItem.Art(landscape))</visible>
                        <left>75</left>
                        <width>375</width>
                        <height>278</height>
                        <texture background="true">$INFO[ListItem.Art(clearlogo)]</texture>
                        <aspectratio align="center" aligny="bottom">keep</aspectratio>
                    </control>
                </control>
                <control type="image">
                    <visible>Skin.HasSetting(Enable.PanelFanart)</visible>
                    <width>525</width>
                    <height>296</height>
                    <texture background="true" fallback="DefaultFallback.png" diffuse="diffuse/panel.png">$VAR[FanartVar]</texture>
                    <aspectratio align="center" aligny="center" scalediffuse="false">scale</aspectratio>
                </control>
                <control type="image">
                    <visible>Skin.HasSetting(Enable.PanelLogo)</visible>
                    <width>525</width>
                    <height>296</height>
                    <texture background="true">$VAR[LogoVar]</texture>
                    <aspectratio align="center" aligny="center">keep</aspectratio>
                </control>
                <control type="image">
                    <visible>!Skin.HasSetting(Enable.PanelLogo)</visible>
                    <animation center="auto" condition="Control.HasFocus(505)" easing="inout" effect="fade" end="0" start="100" time="300" tween="sine">Focus</animation>
                    <animation center="auto" condition="Control.HasFocus(505)" easing="inout" effect="fade" end="100" start="0" time="300" tween="sine">UnFocus</animation>
                    <width>525</width>
                    <height>296</height>
                    <texture border="5">overlays/diffuse-overlay.png</texture>
                </control>
                <include content="OverlayIcons" condition="![Container.Content(artists) | Skin.HasSetting(Enable.PanelLogo)]">
                    <param name="OverlayLeft" value="465" />
                    <param name="OverlayTop" value="0" />
                </include>
            </control>
        </control>
    </include>
</includes>